title,successful_bid,initial_bid,num_bids,time,date,url
乃木坂46 佐藤璃果 WEB SHOP限定 踏んでしまった アンダーver. 個別生写真 5種コンプ 検)表題 MV衣装 4期生,2480,2480,1,22:24,2025/01/20,https://page.auctions.yahoo.co.jp/jp/auction/l1158679792
AA872 筒井あやめ×佐藤璃果×松尾美佑×北川悠理（乃木坂48）◆切り抜き 4ページ 切抜き,80,80,1,21:27,2025/01/20,https://page.auctions.yahoo.co.jp/jp/auction/c1169963650
乃木坂46　佐藤璃果　生写真　CHOOSE 5 PHOTOS！ 9th バスラ　9th YEAR BIRTHDAY LIVE バーコード無し,30,30,1,21:24,2025/01/20,https://page.auctions.yahoo.co.jp/jp/auction/1169941356
【同梱可】中古品 アイドル 乃木坂46 筒井あやめ 佐藤璃果 他 生写真 60枚 2023 April-3 等 グッズセット,1056,500,4,20:56,2025/01/20,https://page.auctions.yahoo.co.jp/jp/auction/r1169789091
【同梱可】中古品 アイドル 乃木坂46 弓木奈於 佐藤璃果 他 生写真 60枚 2022 December-3 等 グッズセット,693,500,3,20:19,2025/01/20,https://page.auctions.yahoo.co.jp/jp/auction/1169795361
佐藤璃果◆74ページ分◆切り抜き9056　大量,500,500,1,21:15,2025/01/19,https://page.auctions.yahoo.co.jp/jp/auction/t1164960737
アップトゥボーイ UTB 2025年1月号 小田さくら 牧野真莉愛 石田亜佑美 付録ポスター付 相楽伊織 佐々木ほのか 佐藤璃果 佐藤優樹,300,300,1,21:05,2025/01/19,https://page.auctions.yahoo.co.jp/jp/auction/j1168949197
乃木坂46 12周年記念生写真 2shot ver./一ノ瀬美空 佐藤璃果,110,100,2,20:28,2025/01/19,https://page.auctions.yahoo.co.jp/jp/auction/q1169091447
乃木坂46　佐藤璃果　会場限定ランダム生写真　2024 大感謝祭　ダウンベスト　ヒキ,350,350,1,22:42,2025/01/18,https://page.auctions.yahoo.co.jp/jp/auction/g1169461645
乃木坂46　佐藤璃果　Webshop限定ランダム生写真　2023 March-Ⅱ　ファーニット　ヒキ,300,300,1,22:39,2025/01/18,https://page.auctions.yahoo.co.jp/jp/auction/u1169465926
乃木坂46　佐藤璃果　会場限定ランダム生写真　2023 February-Ⅱ　スタジャン　ヒキ,300,300,1,22:38,2025/01/18,https://page.auctions.yahoo.co.jp/jp/auction/x1169444645
乃木坂46　佐藤璃果　Webshop限定ランダム生写真　2020 October-Ⅱ　モノトーン　ヒキ,300,300,1,22:29,2025/01/18,https://page.auctions.yahoo.co.jp/jp/auction/1169428715
乃木坂46　佐藤璃果　Webshop限定ランダム生写真　2020 June-Ⅲ　ジャケットセットアップ　ヒキ,300,300,1,22:27,2025/01/18,https://page.auctions.yahoo.co.jp/jp/auction/w1169436526
佐藤璃果　江端妃咲　小山璃奈　グラビア雑誌切り抜き12P,190,190,1,00:03,2025/01/18,https://page.auctions.yahoo.co.jp/jp/auction/k1168924848
佐藤 璃果『20th Anniversary』乃木坂46 生写真５枚セット,410,1,29,23:47,2025/01/17,https://page.auctions.yahoo.co.jp/jp/auction/c1169154448
佐藤 璃果・金川 紗耶・北川 悠理・遠藤 さくら・賀喜 遥香『20th Anniversary』乃木坂46 生写真５枚セット,501,1,34,23:44,2025/01/17,https://page.auctions.yahoo.co.jp/jp/auction/k1169162203
乃木坂46 Web 2022年 10月度 ランダム生写真 佐藤璃果 表題曲 『 好きというのはロックだぜ！ 』 コンプ,750,750,1,22:49,2025/01/17,https://page.auctions.yahoo.co.jp/jp/auction/q1104519190
【乃木坂46】 佐藤璃果 ノギザカスキッツ ポストカード 1枚 ランダムキャラポストカードコレクション (生写真×,899,899,1,22:24,2025/01/17,https://page.auctions.yahoo.co.jp/jp/auction/e517878906
乃木坂46 佐藤璃果 生写真 真夏の全国ツアー2024衣装2 3枚コンプ (品物説明文を全てお読み下さい),160,150,2,21:49,2025/01/17,https://page.auctions.yahoo.co.jp/jp/auction/x1169298804
AA870 佐藤璃果（乃木坂46）◆切り抜き 11ページ 切抜き,140,140,1,21:29,2025/01/17,https://page.auctions.yahoo.co.jp/jp/auction/h1169517453
乃木坂46 真夏の全国ツアー2024衣装2 生写真 コンプ 佐藤璃果,100,100,1,20:44,2025/01/17,https://page.auctions.yahoo.co.jp/jp/auction/x1168902182
乃木坂46 佐藤璃果 生写真 2024.November 真夏の全国ツアー2024衣装2 3枚コンプ,400,400,1,07:01,2025/01/16,https://page.auctions.yahoo.co.jp/jp/auction/u1168748251
乃木坂46 NOGI GAMING ROOM モバカ 佐藤璃果レア,300,100,12,23:05,2025/01/15,https://page.auctions.yahoo.co.jp/jp/auction/d1169098488
乃木坂46 生写真 メガネコーデ 30枚まとめ売り 遠藤さくら 井上和 梅澤美波 田村真佑 柴田柚菜 林瑠奈 佐藤璃果 などあり その他も多数あり,1600,1,18,21:36,2025/01/15,https://page.auctions.yahoo.co.jp/jp/auction/o1169235313
乃木坂46佐藤璃果 37th シングル「歩道橋」生写真4種4枚コンプ／同梱歓迎,300,300,1,16:02,2025/01/15,https://page.auctions.yahoo.co.jp/jp/auction/m1167247303
乃木坂46 佐藤璃果 真夏の全国ツアー2024衣装２,209,1,6,23:00,2025/01/14,https://page.auctions.yahoo.co.jp/jp/auction/c1168920138
乃木坂46 佐藤璃果 11th YEAR BIRTHDAY LIVE 4期生ライブ 生写真 3枚セット,120,30,3,22:20,2025/01/14,https://page.auctions.yahoo.co.jp/jp/auction/1168334447
乃木坂46 佐藤璃果 2024 April Ⅲ 生写真 3枚セット,61,30,4,22:20,2025/01/14,https://page.auctions.yahoo.co.jp/jp/auction/k1168344520
乃木坂46 佐藤璃果 ここにはないもの 生写真,20,10,2,22:17,2025/01/14,https://page.auctions.yahoo.co.jp/jp/auction/r1168338515
乃木坂46 佐藤璃果 34th SG UNDER LIVE 生写真,50,10,3,22:17,2025/01/14,https://page.auctions.yahoo.co.jp/jp/auction/b1168353049
乃木坂46 佐藤璃果 真夏の全国ツアー2023 東京 生写真 2,50,10,3,22:17,2025/01/14,https://page.auctions.yahoo.co.jp/jp/auction/u1168369107
乃木坂46 佐藤璃果 真夏の全国ツアー2023 東京 生写真 1,50,10,3,22:16,2025/01/14,https://page.auctions.yahoo.co.jp/jp/auction/e1168354702
乃木坂46 佐藤璃果 9th YEAR BIRTHDAY LIVE 3期生・4期生ver. 生写真,30,10,3,22:16,2025/01/14,https://page.auctions.yahoo.co.jp/jp/auction/1168337920
乃木坂46 佐藤璃果 12th Anniversary 生写真,30,10,3,22:16,2025/01/14,https://page.auctions.yahoo.co.jp/jp/auction/b1168364059
乃木坂46 佐藤璃果 2024 April Ⅲ 生写真,20,10,2,22:16,2025/01/14,https://page.auctions.yahoo.co.jp/jp/auction/s1168355183
乃木坂46 佐藤璃果 2023 July Ⅱ 生写真,20,10,2,22:16,2025/01/14,https://page.auctions.yahoo.co.jp/jp/auction/o1168354533
乃木坂46 佐藤璃果 2023 April Ⅲ 生写真,20,10,2,22:16,2025/01/14,https://page.auctions.yahoo.co.jp/jp/auction/j1168349467
乃木坂46 佐藤璃果 2020 July Ⅲ 生写真,30,10,3,22:15,2025/01/14,https://page.auctions.yahoo.co.jp/jp/auction/q1168348537
乃木坂46 真夏の全国ツアー衣装2 生写真30枚セット 岩本蓮加 一ノ瀬美空 川﨑桜 林瑠奈 弓木奈於 伊藤理々杏 佐藤璃果 柴田柚菜 岡本姫奈,1800,1600,3,19:20,2025/01/14,https://page.auctions.yahoo.co.jp/jp/auction/1169057208
乃木坂46 モバカレア　矢久保美緒　弓木奈於　黒見明香　モバカ　金川沙耶　黒見明香　佐藤璃果　林瑠奈　クリアカード,600,600,1,19:04,2025/01/14,https://page.auctions.yahoo.co.jp/jp/auction/q1168880862
週刊少年マガジン 切り抜き 切抜 グラビア ポスター 乃木坂46 欅坂46 西野七瀬 白石麻衣 梅澤美波 阪口珠美 佐藤璃果 桜井玲香 星野みなみ,800,780,1,04:53,2025/01/14,https://page.auctions.yahoo.co.jp/jp/auction/n1169054712
乃木坂46 佐藤璃果 直筆サイン入り生写真,2500,2500,1,22:55,2025/01/13,https://page.auctions.yahoo.co.jp/jp/auction/c1168879993
乃木坂46 佐藤璃果 モバカ(ノーマル) Gaming Room 乃木坂46mobile限定 のぎモバ モバイルカード,100,100,1,22:10,2025/01/13,https://page.auctions.yahoo.co.jp/jp/auction/c1168869914
乃木坂46 佐藤璃果 モバカ(ノーマル) Gaming Room 乃木坂46mobile限定 のぎモバ モバイルカード,100,100,1,22:10,2025/01/13,https://page.auctions.yahoo.co.jp/jp/auction/r1168866856
AA770 筒井あやめ×佐藤璃果×松尾美佑×北川悠理（乃木坂46）◆切り抜き 4ページ 切抜き,290,80,10,21:18,2025/01/13,https://page.auctions.yahoo.co.jp/jp/auction/t1168804001
F-2 佐藤璃果 トレーディングカード 乃木坂46 DVD/Blu-ray「11th YEAR BIRTHDAY LIVE 5DAYS」 特典,500,500,1,00:28,2025/01/13,https://page.auctions.yahoo.co.jp/jp/auction/o1166486672
佐藤 璃果『2021 浴衣』(2021.July) 乃木坂46 生写真3枚(ヨリ・チュウ・ヒキ),61,1,6,23:23,2025/01/12,https://page.auctions.yahoo.co.jp/jp/auction/u1168722065
乃木坂46 生写真 佐藤璃果 10thBDライブ衣装 2022.June-Ⅳ,180,180,1,22:26,2025/01/12,https://page.auctions.yahoo.co.jp/jp/auction/w1068129725
アップトゥボーイ ２０２５年１月号 牧野真莉愛 佐藤璃果 小田さくら　石田亜佑美　ポスター付き,300,300,1,21:29,2025/01/12,https://page.auctions.yahoo.co.jp/jp/auction/x1168709942
乃木坂46 佐藤璃果 生写真 真夏の全国ツアー2024衣装2 3枚コンプ (品物説明文を全てお読み下さい),160,100,4,20:08,2025/01/12,https://page.auctions.yahoo.co.jp/jp/auction/n1168925374
佐藤 璃果『スペシャル衣装31』(2021.April) 乃木坂46 生写真3枚コンプ,121,1,10,23:33,2025/01/11,https://page.auctions.yahoo.co.jp/jp/auction/k1168700216
乃木坂46 佐藤璃果 生写真 2種類セミコンプリートセット(チュウ/ヒキ) 2024年11月 全国ツアー衣装,1,1,1,22:37,2025/01/11,https://page.auctions.yahoo.co.jp/jp/auction/j1168973082
乃木坂46 ストリート+Tシャツ　ランダム生写真 まとめ売り　30枚セット　佐藤璃果など,2000,1,21,22:02,2025/01/11,https://page.auctions.yahoo.co.jp/jp/auction/1168418965
乃木坂46 佐藤璃果 直筆サイン入り生写真,2500,2500,1,22:59,2025/01/10,https://page.auctions.yahoo.co.jp/jp/auction/x1167914296
乃木坂46 真夏の全国ツアー2024衣装2 生写真 コンプ 佐藤璃果,190,190,1,22:36,2025/01/10,https://page.auctions.yahoo.co.jp/jp/auction/c1168724614
乃木坂46 佐藤璃果 生写真 3種類フルコンプリートセット(ヨリ/チュウ/ヒキ) 2024年11月 全国ツアー衣装,390,1,12,22:24,2025/01/10,https://page.auctions.yahoo.co.jp/jp/auction/d1168735259
乃木坂46 B2 ポスター 6枚 賀喜遥香 伊藤理々杏 清宮レイ 阪口珠美 中村麗乃 佐藤璃果 チートデイ 人は夢を二度見る　monopoly 会場限定,3000,3000,1,19:49,2025/01/10,https://page.auctions.yahoo.co.jp/jp/auction/f1167664886
乃木坂46 佐藤璃果 生写真 2024.November 真夏の全国ツアー2024衣装2 ヒキ,100,100,1,09:12,2025/01/10,https://page.auctions.yahoo.co.jp/jp/auction/f1168727076
乃木坂46 佐藤璃果 Mobile 限定 チャンスメール 乃木坂ちゃんと真夏の全国クルーズ 生写真 検)当選品 4期生 モバメ メール 非売品,7980,7980,1,22:52,2025/01/09,https://page.auctions.yahoo.co.jp/jp/auction/j1167033699
乃木坂46 佐藤璃果 WEB SHOP限定 Lucky Bag 2022 福袋 オールホワイトコーデ カレンダー衣装 生写真 6枚 コンプ 数量2 検)ヨリ チュウ ヒキ,3780,3780,1,22:00,2025/01/09,https://page.auctions.yahoo.co.jp/jp/auction/1083818951
乃木坂46 バルーンスカート 生写真 30枚まとめ売り 与田祐希 一ノ瀬美空 金川紗耶 林瑠奈 佐藤璃果 などありその他も多数あり,2600,1,29,21:18,2025/01/09,https://page.auctions.yahoo.co.jp/jp/auction/o1168318637
乃木坂46　佐藤璃果　生写真　真夏の全国ツアー2024衣装２　コンプ,400,399,1,13:05,2025/01/09,https://page.auctions.yahoo.co.jp/jp/auction/k1168650188
乃木坂46 真夏の全国ツアー2024衣装2　生写真　3種コンプ　佐藤璃果,500,500,1,12:33,2025/01/09,https://page.auctions.yahoo.co.jp/jp/auction/x1168652153
乃木坂46　生写真　３種コンプ　佐藤璃果　モノトーン,680,680,1,23:52,2025/01/08,https://page.auctions.yahoo.co.jp/jp/auction/w1116596387
乃木坂46佐藤璃果　踏んでしまった　生写真　乃木コレ　ノーマル　コンプ,250,250,1,20:31,2025/01/08,https://page.auctions.yahoo.co.jp/jp/auction/1167204478
●乃木坂46●37thシングル 歩道橋/初回盤封入特典 生写真 A B C D ヨリ チュウ ヒキ/4種4枚セットコンプ/佐藤璃果●,300,300,1,19:02,2025/01/08,https://page.auctions.yahoo.co.jp/jp/auction/b1165986550
乃木坂46 佐藤璃果 個別ペンライト グッズ 【匿名可 検品済 まとめ可 】定形外郵便,1280,1280,1,04:47,2025/01/08,https://page.auctions.yahoo.co.jp/jp/auction/p1168307842
乃木坂46　生写真　３種コンプ　佐藤璃果　マルチカラーニット,780,780,1,09:34,2025/01/07,https://page.auctions.yahoo.co.jp/jp/auction/u1110356970
中古雑誌 付録ポスターあり　B.L.T. 2020年9月号　日向坂46 佐藤璃果 清司麗菜 楠木ともり #ババババンビ 桜井日奈子 関根優那 白間美瑠,110,100,2,22:36,2025/01/06,https://page.auctions.yahoo.co.jp/jp/auction/c1167762388
佐藤璃果 林瑠奈 切り抜き 73ページ＋佐藤璃果のポスター 乃木坂46【即決】,380,380,1,22:21,2025/01/06,https://page.auctions.yahoo.co.jp/jp/auction/u1167319441
乃木坂46　佐藤璃果　（アイドルグループ）　切り抜き　4ページ　送料無料,270,270,1,20:38,2025/01/06,https://page.auctions.yahoo.co.jp/jp/auction/r1163620228
乃木坂46 生写真 佐藤璃果 ゴルフウェア ヒキ,200,200,1,19:09,2025/01/06,https://page.auctions.yahoo.co.jp/jp/auction/e1085749119
★乃木坂46★佐藤璃果 チートデイ 表題曲衣装 生写真 1枚/ヒキ★,100,100,1,22:02,2025/01/05,https://page.auctions.yahoo.co.jp/jp/auction/u1165037913
乃木坂46 バルーンスカート 生写真 30枚まとめ売り 五百城茉央 冨里奈央 柴田柚菜 岩本蓮加 久保史緒里 佐藤璃果 などありその他も多数あり,2200,1,20,21:50,2025/01/04,https://page.auctions.yahoo.co.jp/jp/auction/l1167816866
乃木坂46 生写真 メガネコーデ 30枚まとめ売り 川﨑桜 一ノ瀬美空 久保史緒里 柴田柚菜 佐藤璃果 などあり その他も多数あり,3900,1,33,21:27,2025/01/04,https://page.auctions.yahoo.co.jp/jp/auction/c1167800942
乃木坂46 佐藤璃果 2024.Valentine 直筆サイン入り生写真,2500,2500,1,22:33,2025/01/03,https://page.auctions.yahoo.co.jp/jp/auction/t1156957001
乃木坂46 生写真 車道側 30枚まとめ売り 遠藤さくら 池田瑛紗 岩本蓮加 林瑠奈 佐藤璃果などあり その他も多数あり,3000,1,32,21:18,2025/01/02,https://page.auctions.yahoo.co.jp/jp/auction/j1167575136
佐藤 璃果『おひとりさま天国』乃木坂46 生写真3枚コンプ,169,1,12,23:11,2025/01/01,https://page.auctions.yahoo.co.jp/jp/auction/r1167359436
乃木坂46 佐藤璃果 生写真 チートデイ 3枚コンプセット(品物説明文を、必ず最後まで、お読み下さい),50,50,1,22:12,2025/01/01,https://page.auctions.yahoo.co.jp/jp/auction/1167360149
乃木坂46 WebShop限定 個別生写真 5枚セット コンプ 成人式 佐藤璃果 金川紗耶 北川悠理 遠藤さくら 賀喜遥香 4期生 集合 金川,800,800,1,18:02,2025/01/01,https://page.auctions.yahoo.co.jp/jp/auction/f1145464659
佐藤 璃果『2021 浴衣』(2021.July） 乃木坂46 生写真2枚(チュウ・ヒキ),61,1,7,23:06,2024/12/30,https://page.auctions.yahoo.co.jp/jp/auction/o1167309540
乃木坂46 佐藤璃果 生写真 バルーンスカート 3枚コンプ (品物説明文を全てお読み下さい),100,100,1,22:12,2024/12/30,https://page.auctions.yahoo.co.jp/jp/auction/r1167365507
乃木坂46　佐藤　璃果　新旧切り抜き寄せ集め　３４P,199,199,1,23:12,2024/12/29,https://page.auctions.yahoo.co.jp/jp/auction/u1081921382
乃木坂46 佐藤璃果　マウンテンパーカー　生写真　コンプ,195,1,12,22:59,2024/12/29,https://page.auctions.yahoo.co.jp/jp/auction/g1166898670
乃木坂46 佐藤璃果　エクリュ　生写真　コンプ,121,1,4,22:57,2024/12/29,https://page.auctions.yahoo.co.jp/jp/auction/t1156937109
佐藤璃果　チャンスは平等　乃木坂46 生写真　３種コンプ　（検） 君はハニーデュー　チートデイ　歩道橋,46,5,1,22:40,2024/12/29,https://page.auctions.yahoo.co.jp/jp/auction/k1167335716
佐藤璃果　35th 制服　2024年　June 2 Ⅱ 乃木坂46 生写真　３種コンプ　（検） 君はハニーデュー　チートデイ　歩道橋,46,1,1,22:39,2024/12/29,https://page.auctions.yahoo.co.jp/jp/auction/e1167344565
乃木坂46 川﨑桜 久保史緒里 佐藤璃果 柴田柚菜 黒見明香 阪口珠美 佐藤楓セブンイレブン 生写真,20,10,2,22:33,2024/12/29,https://page.auctions.yahoo.co.jp/jp/auction/b1166666621
乃木坂46 佐藤璃果 ポストカード 2025年カレンダー,150,150,1,21:25,2024/12/29,https://page.auctions.yahoo.co.jp/jp/auction/x1166864269
乃木坂46 佐藤璃果 生写真 チートデイ ヨリ,100,100,1,15:23,2024/12/29,https://page.auctions.yahoo.co.jp/jp/auction/f1164330776
乃木坂46佐藤璃果 37th シングル「歩道橋」生写真4種4枚コンプ／同梱歓迎,300,300,1,00:54,2024/12/27,https://page.auctions.yahoo.co.jp/jp/auction/b1165014990
佐藤璃果 生写真 メガネコーデ コンプ 乃木坂46 WebShop 限定 2024.November-Ⅱ 【硬質ケース発送】 眼鏡 めがね,300,300,1,23:19,2024/12/25,https://page.auctions.yahoo.co.jp/jp/auction/e1166372861
。乃木坂46〈佐藤璃果〉【アニマルルームウェア】ヒキ _ 12th YEAR BIRTHDAY LIVE 会場 生写真,10,10,1,22:50,2024/12/25,https://page.auctions.yahoo.co.jp/jp/auction/x1166731426
。乃木坂46〈佐藤璃果〉【真夏の全国ツアー2023衣装2】ヒキ _ WEB 生写真,10,10,1,22:46,2024/12/25,https://page.auctions.yahoo.co.jp/jp/auction/b1166609598
。乃木坂46〈佐藤璃果〉【真夏の全国ツアー2023Tシャツ Aver.】チュウ _ WEB 生写真,10,10,1,22:30,2024/12/25,https://page.auctions.yahoo.co.jp/jp/auction/g1166479385
F-3 佐藤璃果 トレーディングカード 乃木坂46 DVD/Blu-ray「MIZUKI YAMASHITA GRADUATION CONCERT」 特典 山下美月卒業コンサート,500,500,1,21:22,2024/12/25,https://page.auctions.yahoo.co.jp/jp/auction/p1163086509
佐藤 璃果『2021 浴衣』(2021.July） 乃木坂46 生写真2枚(チュウ・ヒキ),31,1,4,23:17,2024/12/24,https://page.auctions.yahoo.co.jp/jp/auction/g1166470436
乃木坂46 Web 2024年 10月度 ランダム生写真 佐藤璃果 『 2024.October-Ⅱ バルーンスカート 』 コンプ,480,479,1,17:39,2024/12/24,https://page.auctions.yahoo.co.jp/jp/auction/s1164431245
乃木坂46 Web 2024年 10月度 ランダム生写真 佐藤璃果 『 2024.November-Ⅱ メガネコーデ 』 コンプ,480,479,1,17:36,2024/12/24,https://page.auctions.yahoo.co.jp/jp/auction/f1166461613
佐藤璃果　直筆サイン入り生写真,3500,3500,1,22:15,2024/12/23,https://page.auctions.yahoo.co.jp/jp/auction/h1166320367
DK920 佐藤璃果（乃木坂46）ももいろクローバーZ◆ポスター 雑誌付録,465,190,13,21:31,2024/12/23,https://page.auctions.yahoo.co.jp/jp/auction/h1166099587
乃木坂46 2024.11月 メガネコーデ 生写真23枚セット 井上和 池田瑛紗 梅澤美波 筒井あやめ 五百城茉央 一ノ瀬美空 中西アルノ 佐藤璃果,2000,2000,1,20:48,2024/12/23,https://page.auctions.yahoo.co.jp/jp/auction/n1166483377
佐藤 璃果『チートデイ』乃木坂46 生写真3枚コンプ,310,1,10,23:30,2024/12/22,https://page.auctions.yahoo.co.jp/jp/auction/e1166309079
乃木坂46 佐藤璃果 生写真 メガネコーデ 3枚コンプ (品物説明文を全てお読み下さい),190,100,7,21:54,2024/12/22,https://page.auctions.yahoo.co.jp/jp/auction/1166299841
乃木坂46　4期生集合　成人式　2022　コンプ　（5枚セット）20ｔｈ　遠藤さくら・賀喜遥香・金川紗耶・佐藤璃果・北川悠理,670,100,23,21:46,2024/12/22,https://page.auctions.yahoo.co.jp/jp/auction/l1134496337
乃木坂46　佐藤璃果　まとめ　６枚,100,100,1,21:14,2024/12/22,https://page.auctions.yahoo.co.jp/jp/auction/w1160588017
佐藤璃果 成人式 BIGアクリルスタンド 2-416,2400,2400,1,20:56,2024/12/22,https://page.auctions.yahoo.co.jp/jp/auction/h1166404712
乃木坂46 佐藤璃果 生写真 チートデイ,130,100,4,20:55,2024/12/22,https://page.auctions.yahoo.co.jp/jp/auction/h1165797247
アップトゥボーイ UTB 2025年1月号 付録有 応募はがき無 モーニング娘。’24 BEYOOOOONDS ロージークロニクル 佐藤璃果 乃木坂46,500,500,1,01:57,2024/12/22,https://page.auctions.yahoo.co.jp/jp/auction/b1164708975
乃木坂46 web限定ランダム生写真 2024 Monopoly 3種コンプ 佐藤璃果,130,30,4,23:02,2024/12/21,https://page.auctions.yahoo.co.jp/jp/auction/d1166112769
2024年 10月月間ランダム生写真 チートデイ 佐藤璃果コンプ,100,100,1,22:13,2024/12/21,https://page.auctions.yahoo.co.jp/jp/auction/d1164703576
乃木坂46佐藤璃果　36thシングル「チートデイ」初回盤封入特典生写真TYPE-Dヒキ1枚,50,50,1,21:11,2024/12/21,https://page.auctions.yahoo.co.jp/jp/auction/t1149445557
乃木坂46佐藤璃果④　モバイル クリアカード １枚,50,50,1,19:21,2024/12/21,https://page.auctions.yahoo.co.jp/jp/auction/o1156762813
乃木坂46佐藤璃果　モバイル クリアカード １枚,240,240,1,19:05,2024/12/21,https://page.auctions.yahoo.co.jp/jp/auction/c1156742880
乃木坂46佐藤璃果　モバイル クリアカード １枚,50,50,1,18:22,2024/12/21,https://page.auctions.yahoo.co.jp/jp/auction/d1156590088
乃木坂46 メガネコーデ　生写真　3種コンプ　佐藤璃果,600,600,1,12:45,2024/12/21,https://page.auctions.yahoo.co.jp/jp/auction/g1166310188
乃木坂46 歩道橋 ステッカー 1枚 Type D 絵柄 (与田祐希、久保史緒里、五百城茉央、一ノ瀬美空、川﨑桜、佐藤璃果) 店舗外付特典,200,200,1,00:18,2024/12/21,https://page.auctions.yahoo.co.jp/jp/auction/h1165414736
乃木坂46 佐藤璃果 NOGI A/W2024 ポストカード Autumn Collection,160,100,7,21:43,2024/12/20,https://page.auctions.yahoo.co.jp/jp/auction/v1165843618
乃木坂46 佐藤璃果 NOGI A/W2024 印字サイン入りモバカ モバイルカード Autumn Collection,140,100,5,21:27,2024/12/20,https://page.auctions.yahoo.co.jp/jp/auction/j1165828190
乃木坂46　佐藤璃果　生写真　チートデイ　コンプ,299,299,1,21:10,2024/12/20,https://page.auctions.yahoo.co.jp/jp/auction/h1165423286
乃木坂46 37thシングル「歩道橋」封入特典生写真 佐藤璃果 3枚セット,210,1,17,20:36,2024/12/20,https://page.auctions.yahoo.co.jp/jp/auction/n1165307225
乃木坂46 佐藤璃果 生写真 2024.July 12thBDライブ衣装 3枚コンプ,400,400,1,12:06,2024/12/20,https://page.auctions.yahoo.co.jp/jp/auction/j1152559174
乃木坂46 佐藤璃果 会場限定生写真 2024.September-Ⅲ フリルTシャツ 3枚,500,500,1,12:00,2024/12/20,https://page.auctions.yahoo.co.jp/jp/auction/t1151337491
乃木坂46 佐藤璃果 会場限定生写真 2024.October トラックジャケット 3枚コンプ,450,450,1,11:59,2024/12/20,https://page.auctions.yahoo.co.jp/jp/auction/o1165583166
佐藤璃果 生写真 バルーンスカート コンプ 乃木坂46 WebShop 限定 2024.Octobe-Ⅱ 【硬質ケース発送】,350,350,1,23:59,2024/12/19,https://page.auctions.yahoo.co.jp/jp/auction/q1165706186
乃木坂46　佐藤璃果　生写真　バルーンスカート　コンプ,400,399,1,00:01,2024/12/19,https://page.auctions.yahoo.co.jp/jp/auction/x1165469469
佐藤 璃果『チートデイ』乃木坂46 生写真3枚 コンプ,121,1,6,23:38,2024/12/18,https://page.auctions.yahoo.co.jp/jp/auction/d1165760092
乃木坂46★佐藤璃果★37th シングル 歩道橋★初回盤 限定 封入 特典 生写真 4種 4枚 コンプ★フルコンプ★公式写真,230,200,1,22:22,2024/12/18,https://page.auctions.yahoo.co.jp/jp/auction/n1165883070
乃木坂46 生写真　チートデイ　伊藤理々杏　林瑠奈　向井葉月　中村麗乃　佐藤璃果　弓木奈於　岡本姫奈　佐藤楓　矢久保美緒など,500,500,1,21:16,2024/12/18,https://page.auctions.yahoo.co.jp/jp/auction/u1165180356
乃木坂46 佐藤璃果 歩道橋 TypeD 初回盤 封入特典 生写真,50,50,1,23:36,2024/12/17,https://page.auctions.yahoo.co.jp/jp/auction/d1165414211
★乃木坂46 佐藤璃果 37th シングル 歩道橋 初回封入生写真4種4枚コンプ,280,280,1,22:22,2024/12/17,https://page.auctions.yahoo.co.jp/jp/auction/h1165295172
乃木坂46★佐藤璃果★37th シングル 歩道橋★初回盤 限定 封入 特典 生写真 4種 4枚 コンプ★フルコンプ★公式写真,200,200,1,10:26,2024/12/17,https://page.auctions.yahoo.co.jp/jp/auction/e1164965802
佐藤璃果 生写真 バルーンスカート コンプ 乃木坂46 WebShop 限定 2024.Octobe-Ⅱ 【硬質ケース発送】,350,350,1,06:09,2024/12/17,https://page.auctions.yahoo.co.jp/jp/auction/x1164459985
佐藤璃果 生写真 チートデイ コンプ 乃木坂46 WebShop 限定 【硬質ケース発送】 歌唱衣装,200,200,1,23:47,2024/12/16,https://page.auctions.yahoo.co.jp/jp/auction/w1165439194
佐藤璃果 生写真 千鳥格子 コンプ 乃木坂46 大感謝祭 2024 幕張メッセ 会場販売 【硬質ケース発送】,550,550,1,23:09,2024/12/16,https://page.auctions.yahoo.co.jp/jp/auction/c1165512976
佐藤璃果 歩道橋 乃木坂46 コンプ 封入生写真 (検 日向坂 櫻坂46 I want tomorrow to come 卒業写真だけが知ってる シリアルナンバー,300,300,2,21:45,2024/12/16,https://page.auctions.yahoo.co.jp/jp/auction/x1165184410
★乃木坂46★佐藤璃果 チートデイ 表題曲衣装 生写真 3枚コンプ★,350,350,1,06:39,2024/12/16,https://page.auctions.yahoo.co.jp/jp/auction/e1165022096
乃木坂46 佐藤璃果 歩道橋 TypeB 初回盤 封入特典 生写真,50,50,1,03:12,2024/12/16,https://page.auctions.yahoo.co.jp/jp/auction/j1165406020
佐藤璃果 生写真 ダウンベスト コンプ 乃木坂46 大感謝祭 2024 幕張メッセ 会場販売 【硬質ケース発送】,700,700,1,23:12,2024/12/15,https://page.auctions.yahoo.co.jp/jp/auction/j1165447200
乃木坂46〈佐藤璃果〉【B2ソロポスター】36th チートデイ _ 真夏の全国ツアー2024 愛知 東京 会場 CD 特典,120,100,3,22:54,2024/12/15,https://page.auctions.yahoo.co.jp/jp/auction/x1151385692
乃木坂46〈佐藤璃果〉【ポロニット】コンプ _ 36th チートデイ リアルミーグリ 幕張 会場 生写真,40,30,2,22:52,2024/12/15,https://page.auctions.yahoo.co.jp/jp/auction/o1157672734
乃木坂46 佐藤璃果 歩道橋 4種 4枚セット コンプ 初回盤 封入特典 生写真,150,150,7,22:47,2024/12/15,https://page.auctions.yahoo.co.jp/jp/auction/d1165412272
乃木坂46〈佐藤璃果〉【バラモチーフ】コンプ _ WEB 生写真,40,30,2,22:40,2024/12/15,https://page.auctions.yahoo.co.jp/jp/auction/m1145094211
乃木坂46〈佐藤璃果〉【オーバーオール】チュウ _ 真夏の全国ツアー2024 大阪 生写真,10,10,1,22:39,2024/12/15,https://page.auctions.yahoo.co.jp/jp/auction/u1146376162
乃木坂46〈佐藤璃果〉【ショートコート】チュウ _ 34th Monopoly リアルミーグリ 京都 会場 生写真,10,10,1,22:33,2024/12/15,https://page.auctions.yahoo.co.jp/jp/auction/t1147677558
乃木坂46〈佐藤璃果〉【12周年記念】座り _ Anniversary 12th YEAR BIRTHDAY LIVE 会場 生写真,10,10,1,22:10,2024/12/15,https://page.auctions.yahoo.co.jp/jp/auction/q1147696710
乃木坂46〈佐藤璃果〉【B2ポスター】 _ 34th Monopoly アンダーライブ CD 特典,110,100,2,22:06,2024/12/15,https://page.auctions.yahoo.co.jp/jp/auction/d1122695390
Platinum FLASH Vol.23 乃木坂 遠藤さくら 佐藤楓 佐藤璃果 愛来 小越春花 大盛真歩 山田せいあ クリアファイル有 アイドル 写真集,155,155,1,21:53,2024/12/15,https://page.auctions.yahoo.co.jp/jp/auction/w1160678275
【同梱可】中古品 アイドル 与田祐希 佐藤璃果 のみ 個別ペンライト マフラータオル 等 グッズセット,3961,1,44,20:13,2024/12/15,https://page.auctions.yahoo.co.jp/jp/auction/t1165267493
乃木坂46　佐藤璃果　生写真　バルーンスカート　コンプ,400,399,1,13:51,2024/12/15,https://page.auctions.yahoo.co.jp/jp/auction/v1164701471
乃木坂46 佐藤璃果 歩道橋 TypeC 初回盤 封入特典 生写真,50,50,1,12:52,2024/12/15,https://page.auctions.yahoo.co.jp/jp/auction/h1165413597
乃木坂46 会場限定生写真　ダウンベスト　3種コンプ　佐藤璃果　大感謝祭2024＠幕張メッセ,1000,1000,1,04:52,2024/12/15,https://page.auctions.yahoo.co.jp/jp/auction/j1165395119
佐藤 璃果『チートデイ』乃木坂46 生写真3枚 コンプ ②,41,1,4,23:28,2024/12/14,https://page.auctions.yahoo.co.jp/jp/auction/d1165308731
佐藤 璃果『チートデイ』乃木坂46 生写真3枚 コンプ ①,61,1,3,23:28,2024/12/14,https://page.auctions.yahoo.co.jp/jp/auction/n1165302474
乃木坂46 佐藤璃果 生写真 チートデイ 3枚コンプセット(品物説明文を、必ず最後まで、お読み下さい),160,50,2,23:04,2024/12/14,https://page.auctions.yahoo.co.jp/jp/auction/c1165308295
乃木坂46 佐藤璃果 生写真 バルーンスカート 3枚コンプ (品物説明文を全てお読み下さい),220,100,9,23:04,2024/12/14,https://page.auctions.yahoo.co.jp/jp/auction/u1165331278
乃木坂46 佐藤璃果　乃木コレ　スペシャル衣装43 2024.August-Ⅲ web生写真 3種コンプ,100,100,1,21:57,2024/12/14,https://page.auctions.yahoo.co.jp/jp/auction/b1164894876
乃木坂46　佐藤璃果　生写真　チートデイ　コンプ,300,299,1,21:50,2024/12/14,https://page.auctions.yahoo.co.jp/jp/auction/l1164325425
【同梱可】中古品 アイドル 乃木坂46 黒見明香 佐藤璃果 他 生写真 60枚 グッズセット,990,500,17,20:54,2024/12/14,https://page.auctions.yahoo.co.jp/jp/auction/f1165141169
●乃木坂46●37thシングル 歩道橋/初回盤封入特典 生写真 A B C D ヨリ チュウ ヒキ/4種4枚セットコンプ/佐藤璃果●,300,300,1,10:52,2024/12/14,https://page.auctions.yahoo.co.jp/jp/auction/b1165202591
佐藤璃果 生写真 歩道橋 初回盤封入 コンプ 乃木坂46 37thシングル 【硬質ケース発送】,210,200,2,23:09,2024/12/13,https://page.auctions.yahoo.co.jp/jp/auction/m1164903220
佐藤璃果 歩道橋 乃木坂46 コンプ 封入生写真 (検 日向坂 櫻坂46 I want tomorrow to come 卒業写真だけが知ってる シリアルナンバー,300,300,1,23:28,2024/12/12,https://page.auctions.yahoo.co.jp/jp/auction/q1165053942
乃木坂46 生写真 コンプ 佐藤璃果,270,50,11,22:44,2024/12/12,https://page.auctions.yahoo.co.jp/jp/auction/b1164528775
乃木坂46 生写真 コンプ チートデイ 佐藤璃果,120,50,7,22:42,2024/12/12,https://page.auctions.yahoo.co.jp/jp/auction/g1164517309
乃木坂46 生写真 コンプ 36th制服 佐藤璃果,205,50,13,22:26,2024/12/12,https://page.auctions.yahoo.co.jp/jp/auction/b1164511233
佐藤璃果 歩道橋 乃木坂46 コンプ 封入生写真 (検 日向坂 櫻坂46 I want tomorrow to come 卒業写真だけが知ってる シリアルナンバー,300,300,2,10:11,2024/12/12,https://page.auctions.yahoo.co.jp/jp/auction/c1164839781
アップトゥボーイ UTB 2024年3月号 付録有 応募はがき無 大園玲 守屋麗奈 村山美羽 櫻坂46 佐藤璃果 乃木坂46 今村麻莉愛 HKT48,500,500,1,01:26,2024/12/12,https://page.auctions.yahoo.co.jp/jp/auction/c1164824797
佐藤 璃果『チートデイ』乃木坂46 生写真3枚コンプ ③,120,1,8,23:49,2024/12/11,https://page.auctions.yahoo.co.jp/jp/auction/r1164844114
佐藤 璃果『チートデイ』乃木坂46 生写真3枚コンプ ②,110,1,7,23:48,2024/12/11,https://page.auctions.yahoo.co.jp/jp/auction/s1164867007
佐藤 璃果『チートデイ』 乃木坂46 生写真3枚コンプ ①,70,1,5,23:42,2024/12/11,https://page.auctions.yahoo.co.jp/jp/auction/b1164870705
●乃木坂46●37thシングル 歩道橋/初回盤封入特典 生写真 A B C D ヨリ チュウ ヒキ/4種4枚セットコンプ/佐藤璃果●,400,400,1,23:21,2024/12/10,https://page.auctions.yahoo.co.jp/jp/auction/e1164723170
乃木坂46 佐藤璃果 2024 April Ⅲ 生写真 3枚セット,190,30,9,22:16,2024/12/10,https://page.auctions.yahoo.co.jp/jp/auction/x1163764325
乃木坂46 佐藤璃果 2024 April Ⅲ 生写真 2枚セット,55,20,4,22:16,2024/12/10,https://page.auctions.yahoo.co.jp/jp/auction/g1163772343
乃木坂46 佐藤璃果 2020 July Ⅱ 生写真 2枚セット,20,20,1,22:16,2024/12/10,https://page.auctions.yahoo.co.jp/jp/auction/k1163765162
乃木坂46 佐藤璃果 ここにはないもの 生写真 2,20,10,2,22:16,2024/12/10,https://page.auctions.yahoo.co.jp/jp/auction/p1163765162
乃木坂46 佐藤璃果 ここにはないもの 生写真 1,20,10,2,22:15,2024/12/10,https://page.auctions.yahoo.co.jp/jp/auction/1163761852
乃木坂46 佐藤璃果 2024 April Ⅲ 生写真,30,10,3,22:15,2024/12/10,https://page.auctions.yahoo.co.jp/jp/auction/s1163770781
乃木坂46 佐藤璃果 2023 April Ⅲ 生写真,10,10,1,22:15,2024/12/10,https://page.auctions.yahoo.co.jp/jp/auction/g1163779114
乃木坂46 佐藤璃果 2022 March Ⅱ 生写真,20,10,2,22:15,2024/12/10,https://page.auctions.yahoo.co.jp/jp/auction/q1163765374
乃木坂46 佐藤璃果 2023 April-3 紅白2022衣装 乃木コレ生写真 コンプ N2927,100,100,1,21:43,2024/12/10,https://page.auctions.yahoo.co.jp/jp/auction/u1158798405
乃木坂46 チートデイ 生写真 コンプ 佐藤璃果,200,200,1,16:48,2024/12/10,https://page.auctions.yahoo.co.jp/jp/auction/f1164496248
佐藤璃果 生写真 スペシャル衣装43 ノーマル 3種 乃木坂46 WebShop 限定 乃木コレ 2024.August-Ⅲ 【硬質ケース発送】 裏面バーコードあり,200,200,1,23:02,2024/12/09,https://page.auctions.yahoo.co.jp/jp/auction/t1164495624
乃木坂46　佐藤璃果　生写真　バルーンスカート　コンプ,400,399,1,22:42,2024/12/09,https://page.auctions.yahoo.co.jp/jp/auction/k1164404695
乃木坂46 佐藤璃果 生写真 2021.January スペシャル衣装28 3枚コンプ 匿名配送対応 G548,300,300,1,20:32,2024/12/09,https://page.auctions.yahoo.co.jp/jp/auction/t1101511495
アップトゥボーイ UTB 2024年3月号 付録有 応募はがき無 大園玲 守屋麗奈 村山美羽 櫻坂46 佐藤璃果 乃木坂46 今村麻莉愛 HKT48,500,500,1,14:26,2024/12/09,https://page.auctions.yahoo.co.jp/jp/auction/r1142611882
佐藤 璃果『チートデイ』乃木坂46 生写真3枚 コンプ,370,1,22,23:58,2024/12/08,https://page.auctions.yahoo.co.jp/jp/auction/h1164442679
佐藤 璃果『チートデイ』 乃木坂46 生写真３枚コンプ,180,1,7,23:42,2024/12/08,https://page.auctions.yahoo.co.jp/jp/auction/k1164428683
佐藤 璃果『チートデイ』乃木坂46 生写真3枚コンプ,140,1,8,23:41,2024/12/08,https://page.auctions.yahoo.co.jp/jp/auction/b1164441992
■佐藤璃果　生写真　 【チートデイ 】　乃木坂46,10,10,1,23:20,2024/12/08,https://page.auctions.yahoo.co.jp/jp/auction/h1164416815
乃木坂46　生写真　CHOOSE 5 PHOTOS！ 9th バスラ　黒見明香　松尾美佑　矢久保美緒　佐藤璃果　9th YEAR BIRTHDAY LIVE バーコード無し,30,30,1,22:41,2024/12/08,https://page.auctions.yahoo.co.jp/jp/auction/g1164468574
乃木坂46　生写真　CHOOSE 5 PHOTOS！ 9th バスラ　黒見明香　松尾美佑　弓木奈於　佐藤璃果　9th YEAR BIRTHDAY LIVE バーコード無し,30,30,1,22:40,2024/12/08,https://page.auctions.yahoo.co.jp/jp/auction/h1164472353
乃木坂46　生写真　CHOOSE 5 PHOTOS！ 9th バスラ　遠藤さくら　金川紗耶　北川悠理　佐藤璃果　9th YEAR BIRTHDAY LIVE バーコード無し,30,30,1,22:38,2024/12/08,https://page.auctions.yahoo.co.jp/jp/auction/p1164450533
2024年 10月月間ランダム生写真 チートデイ 佐藤璃果ヨリ,100,100,1,22:13,2024/12/08,https://page.auctions.yahoo.co.jp/jp/auction/n1164337506
乃木坂46 佐藤璃果 生写真 3種類フルコンプリートセット(ヨリ/チュウ/ヒキ)③ 2024年10月 チートデイ,160,1,11,21:42,2024/12/08,https://page.auctions.yahoo.co.jp/jp/auction/l1164330225
乃木坂46 佐藤璃果 生写真 3種類フルコンプリートセット(ヨリ/チュウ/ヒキ)① 2024年10月 チートデイ,160,1,10,21:40,2024/12/08,https://page.auctions.yahoo.co.jp/jp/auction/l1164331422
乃木坂46 佐藤璃果 生写真 3種類フルコンプリートセット(ヨリ/チュウ/ヒキ)② 2024年10月 チートデイ,150,1,14,21:36,2024/12/08,https://page.auctions.yahoo.co.jp/jp/auction/m1164320218
乃木坂46 生写真 チートデイ コンプ 佐藤璃果,200,1,16,21:30,2024/12/08,https://page.auctions.yahoo.co.jp/jp/auction/v1164361372
【同梱可】中古品 アイドル 乃木坂46 冨里奈央 佐藤璃果 チケットホルダー(2点未開封)他 写真集 アクリルキーホルダ,3961,1,23,20:19,2024/12/08,https://page.auctions.yahoo.co.jp/jp/auction/m1164290185
アップトゥボーイ UTB 2025年1月号 付録有 応募はがき無 個数7 モーニング娘。’24 BEYOOOOONDS ロージークロニクル 佐藤璃果 乃木坂46,500,500,6,20:13,2024/12/08,https://page.auctions.yahoo.co.jp/jp/auction/e1163736216
乃木坂46 Web 2024年 10月度 ランダム生写真 佐藤璃果 『 2024.October-Ⅱ バルーンスカート 』 ヒキ,150,149,1,20:02,2024/12/08,https://page.auctions.yahoo.co.jp/jp/auction/e1164458920
乃木坂46 36thSGアンダーライブ レーストップス 生写真 14枚セット 林瑠奈 向井葉月 中村麗乃 佐藤璃果 矢久保美緒 黒見明香 岡本姫奈,400,400,1,19:38,2024/12/08,https://page.auctions.yahoo.co.jp/jp/auction/e1158961274
乃木坂46 チートデイ 生写真 コンプ 佐藤璃果,200,200,1,15:44,2024/12/08,https://page.auctions.yahoo.co.jp/jp/auction/s1164451821
乃木坂46 生写真 コンプ　バルーンスカート 佐藤璃果,490,490,1,15:44,2024/12/08,https://page.auctions.yahoo.co.jp/jp/auction/e1164449482
乃木坂46 佐藤璃果 生写真 真夏の全国ツアー2024衣装1 コンプ,280,280,1,09:16,2024/12/08,https://page.auctions.yahoo.co.jp/jp/auction/l1160677292
乃木坂46 会場 2024年 9月度 ランダム生写真 佐藤璃果 『 2024.September-Ⅴ 36th制服 』 ヨリヒキ,300,300,1,08:27,2024/12/08,https://page.auctions.yahoo.co.jp/jp/auction/l1159121043
乃木坂46　生写真　3種コンプ　佐藤璃果　バルーンスカート,580,580,1,22:23,2024/12/07,https://page.auctions.yahoo.co.jp/jp/auction/v1164437665
★乃木坂46「ごめんねFingers crossed」ポストカード　佐藤璃果★新品未使用品,300,300,1,22:19,2024/12/07,https://page.auctions.yahoo.co.jp/jp/auction/e529826236
佐藤璃果　乃木坂46　ポストカード　セブンネット特典,880,300,12,21:51,2024/12/07,https://page.auctions.yahoo.co.jp/jp/auction/k1163740842
■佐藤璃果　山下美月卒業コンサート特典　ポストカード 乃木坂46,10,10,1,21:31,2024/12/07,https://page.auctions.yahoo.co.jp/jp/auction/f1144460089
乃木坂46佐藤璃果　アップトゥボーイ1月号Vol.345切り抜き9ページ【クリックポスト同梱発送可能】,200,100,1,21:23,2024/12/07,https://page.auctions.yahoo.co.jp/jp/auction/l1163814533
佐藤璃果 ヒキ 君に叱られた 生写真 乃木坂46,20,20,1,18:35,2024/12/07,https://page.auctions.yahoo.co.jp/jp/auction/k1150923536
中古生写真(乃木坂46) 佐藤璃果/バストアップ/舞台「オッドタクシー 金剛石は傷つかない」ブロマイドA,250,228,1,16:55,2024/12/07,https://page.auctions.yahoo.co.jp/jp/auction/d1164419561
乃木坂46　佐藤璃果　生写真　バルーンスカート　コンプ,600,599,1,16:24,2024/12/07,https://page.auctions.yahoo.co.jp/jp/auction/c1164378718
乃木坂46 生写真 佐藤璃果 チートデイ 3種コンプ。,90,90,1,15:28,2024/12/07,https://page.auctions.yahoo.co.jp/jp/auction/l1164335879
同梱可　乃木坂46　チートデイ　佐藤璃果　 ポスター B2　会場限定,300,300,1,08:53,2024/12/07,https://page.auctions.yahoo.co.jp/jp/auction/l1152295495
アップトゥボーイ 2025年1月号 乃木坂46 佐藤璃果 セブンネット 特典 ポストカード,800,800,1,08:06,2024/12/07,https://page.auctions.yahoo.co.jp/jp/auction/n1162803608
【品質確認済み】乃木坂46 生写真 Happy New Year 2024 干支 辰 着ぐるみ 佐藤璃果 ヨリ 管理番号69,33,33,1,21:35,2024/12/06,https://page.auctions.yahoo.co.jp/jp/auction/p1163365660
乃木坂46　佐藤璃果　Webshop限定　2024年10月度生写真　チートデイ　コンプ,500,500,1,21:34,2024/12/06,https://page.auctions.yahoo.co.jp/jp/auction/j1164252674
乃木坂46　佐藤璃果　生写真　チートデイ　コンプ,500,499,2,21:19,2024/12/06,https://page.auctions.yahoo.co.jp/jp/auction/w1164235744
【同梱可】良品 アイドル 乃木坂46 佐藤璃果 佐藤楓 柴田柚菜 個別スクエア缶バッジ 愛知ver 真夏の全国ツアー 2024,682,500,9,20:34,2024/12/06,https://page.auctions.yahoo.co.jp/jp/auction/j1163971270
乃木坂46 佐藤璃果 2024 July-2 浴衣 生写真 コンプ N7915,100,100,1,18:46,2024/12/06,https://page.auctions.yahoo.co.jp/jp/auction/t1156423338
乃木坂46　チートデイ　生写真　3種コンプ　佐藤璃果,400,400,1,15:37,2024/12/06,https://page.auctions.yahoo.co.jp/jp/auction/x1164249449
乃木坂46生写真 佐藤璃果 2023 April 紅白2022衣装,100,100,1,22:00,2024/12/04,https://page.auctions.yahoo.co.jp/jp/auction/g1152855310
乃木坂46 賀喜遥香 筒井あやめ 一ノ瀬美空　梅澤美波 佐藤璃果 中西アルノ 阪口珠美 向井葉月 金川紗耶 2024年カレンダー 特典ポストカード,150,150,1,21:41,2024/12/04,https://page.auctions.yahoo.co.jp/jp/auction/c1134383376
アップトゥボーイ 2025年1月号 vol.345　小田さくら　佐藤璃果　牧野真莉愛,50,10,4,23:34,2024/12/03,https://page.auctions.yahoo.co.jp/jp/auction/f1163651464
乃木坂46 生写真 車道側 30枚まとめ売り 池田瑛紗 菅原咲月 岩本蓮加 田村真佑 林瑠奈 佐藤璃果などあり その他も多数あり,3200,1,21,21:36,2024/12/03,https://page.auctions.yahoo.co.jp/jp/auction/d1163374839
AA532 坂道研修生 15名全員集合（佐藤璃果 守屋麗奈 幸阪茉里乃 増本綺良 遠藤光莉 松岡愛美 他）◆冊子 8ページ 切り抜き 切抜き 乃木坂46,120,120,1,21:19,2024/12/02,https://page.auctions.yahoo.co.jp/jp/auction/c1163345784
乃木坂46　佐藤璃果　Webshop限定　2024年9月度生写真　真夏の全国ツアー2024衣装1　ヨリ・ヒキ,300,300,1,18:32,2024/12/02,https://page.auctions.yahoo.co.jp/jp/auction/v1158936676
佐藤璃果.乃木坂46.ポストカード.アップトゥボーイ.2025年.1月号.vol.345.付録.限定.特典.セブンネット.セブンイレブン.未使用.出品個数1,800,300,10,23:01,2024/12/01,https://page.auctions.yahoo.co.jp/jp/auction/j1162712768
■佐藤璃果 生写真 ② 【2024.Lucky Bag 福袋】乃木坂46,50,50,1,23:30,2024/11/30,https://page.auctions.yahoo.co.jp/jp/auction/l1123420509
■佐藤璃果 生写真 ① 【2024.Lucky Bag 福袋】乃木坂46,50,50,1,23:30,2024/11/30,https://page.auctions.yahoo.co.jp/jp/auction/u1123421775
佐藤璃果　乃木コレ　生写真　スペシャル衣装40,200,100,8,20:51,2024/11/30,https://page.auctions.yahoo.co.jp/jp/auction/c1162425190
佐藤璃果　乃木コレ　生写真　スペシャル衣装43　レア,201,100,5,20:49,2024/11/30,https://page.auctions.yahoo.co.jp/jp/auction/h1162434014
【同梱可】中古品 アイドル 乃木坂46 佐藤璃果 黒見明香 他 生写真 60枚 グッズセット,1001,500,2,20:36,2024/11/30,https://page.auctions.yahoo.co.jp/jp/auction/q1163111630
佐藤璃果　乃木コレ　生写真　スペシャル衣装43,100,100,3,20:10,2024/11/30,https://page.auctions.yahoo.co.jp/jp/auction/d1162427489
アップトゥボーイ 2025年1月号 vol.345　小田さくら　佐藤璃果　牧野真莉愛,660,10,13,23:34,2024/11/29,https://page.auctions.yahoo.co.jp/jp/auction/1162926669
"Z005☆★ヤングマガジン/2021年22-23号/沢口愛華&新井遥&豊田ルナ,関有美子&金川沙耶&守屋麗奈&佐藤璃果&幸阪茉里乃&森本茉莉/一読美品★☆",266,266,1,23:20,2024/11/29,https://page.auctions.yahoo.co.jp/jp/auction/o1147065755
【同梱可】中古品 アイドル 乃木坂46 佐藤璃果 直筆 サイン メッセージ 入り バレンタイン フォトレター 証明書付き,5225,4750,1,20:12,2024/11/29,https://page.auctions.yahoo.co.jp/jp/auction/q1162607190
★UTB アップトゥボーイ 2025年1月号 vol.345★石田亜佑美 小田さくら 牧野真莉愛 前田こころ 平井美葉 佐藤璃果★ポスター・応募券付,700,700,1,23:26,2024/11/28,https://page.auctions.yahoo.co.jp/jp/auction/l1162808330
【同梱可】中古品 アイドル 乃木坂46 弓木奈於 佐藤璃果 他 生写真 40コンプ 120枚 真夏の全国ツアー2024 等 グッズ,1320,500,3,20:50,2024/11/28,https://page.auctions.yahoo.co.jp/jp/auction/1162793642
佐藤 璃果『2021 浴衣』(2021.July） 乃木坂46 生写真1枚(チュウ),11,1,2,00:00,2024/11/28,https://page.auctions.yahoo.co.jp/jp/auction/c1162481971
佐藤 璃果『2021 浴衣』(2021.July） 乃木坂46 生写真2枚(チュウ・ヒキ),31,1,4,23:41,2024/11/27,https://page.auctions.yahoo.co.jp/jp/auction/f1162480992
【同梱可】中古品 アイドル 乃木坂46 佐藤璃果 直筆サイン入り サインプレート 証明書付き,6635,5000,3,20:22,2024/11/27,https://page.auctions.yahoo.co.jp/jp/auction/w1162613873
乃木坂46 佐藤璃果 生写真 まとめ売り 2024.June July,100,100,1,20:00,2024/11/27,https://page.auctions.yahoo.co.jp/jp/auction/j1162458707
★中古品★生写真 乃木坂46 佐藤璃果 9種11コンプセット ※ダブりあり,110,100,2,22:20,2024/11/26,https://page.auctions.yahoo.co.jp/jp/auction/w1158092539
F-3 佐藤璃果 トレーディングカード 乃木坂46 DVD/Blu-ray「MIZUKI YAMASHITA GRADUATION CONCERT」 特典 山下美月卒業コンサート,500,500,1,23:35,2024/11/25,https://page.auctions.yahoo.co.jp/jp/auction/q1155852862
★佐藤璃果　EX大衆★テレカ５０度数未使用um_284,500,500,1,22:31,2024/11/25,https://page.auctions.yahoo.co.jp/jp/auction/r1161629127
★佐藤璃果　EX大衆★テレカ５０度数未使用um_283,500,500,1,22:21,2024/11/25,https://page.auctions.yahoo.co.jp/jp/auction/l1161642987
★佐藤璃果　エンタメ★テレカ５０度数未使用um_354,500,500,1,22:08,2024/11/25,https://page.auctions.yahoo.co.jp/jp/auction/h1161650037
★佐藤璃果　エンタメ★テレカ５０度数未使用um_353,500,500,1,22:03,2024/11/25,https://page.auctions.yahoo.co.jp/jp/auction/k1161639116
【同梱可】未開封 アイドル 乃木坂46 佐藤璃果 乃木恋限定 彼女が飛び出すショッピングバック 第33回彼氏イベント 当,2310,2000,2,20:28,2024/11/24,https://page.auctions.yahoo.co.jp/jp/auction/q1162258305
乃木坂46生写真 佐藤璃果 金川紗耶 北川悠理 遠藤さくら 賀喜遥香 20th Anniversary 成人式,910,700,4,22:52,2024/11/23,https://page.auctions.yahoo.co.jp/jp/auction/r1161394757
乃木坂46　佐藤璃果　スペシャル衣装32　生写真　コンプ,100,100,1,13:06,2024/11/23,https://page.auctions.yahoo.co.jp/jp/auction/m1162306495
【月刊エンタメ】佐藤璃果　クオカード,600,600,1,22:53,2024/11/22,https://page.auctions.yahoo.co.jp/jp/auction/d1126337162
佐藤璃果 乃木坂46 ランダム 缶バッジ アンダーライブ グッズ 11月会場限定ver. シークレット缶バッジ,700,700,1,22:50,2024/11/22,https://page.auctions.yahoo.co.jp/jp/auction/e1162004226
乃木坂46 佐藤璃果 生写真 君に叱られた,56,46,2,20:50,2024/11/22,https://page.auctions.yahoo.co.jp/jp/auction/k1161540173
佐藤 璃果『2024 浴衣』(2024.July-Ⅱ） 乃木坂46 生写真1枚(ヨリ),65,1,6,23:40,2024/11/18,https://page.auctions.yahoo.co.jp/jp/auction/x1161484549
佐藤璃果 切り抜き 57ページ 乃木坂46,400,400,1,22:02,2024/11/18,https://page.auctions.yahoo.co.jp/jp/auction/l1160970925
乃木坂46 会場 2024年 9月度 ランダム生写真 佐藤璃果 『 2024.September-Ⅴ 36th制服 』 ヒキ,150,150,1,01:29,2024/11/18,https://page.auctions.yahoo.co.jp/jp/auction/1159104578
乃木坂４６　佐藤璃果　生写真　Actually...　ヒキ,70,70,1,21:19,2024/11/17,https://page.auctions.yahoo.co.jp/jp/auction/1090093744
乃木坂４６　佐藤璃果　生写真　Nogizaka46（4期生スペシャル衣装）チュウ,70,70,1,21:07,2024/11/17,https://page.auctions.yahoo.co.jp/jp/auction/x1071838663
【同梱可】中古品 アイドル 乃木坂46 佐藤璃果 阪口珠美 他 生写真 40コンプ 120枚 2024 Lucky Bag 等 グッズセット,1650,500,8,20:59,2024/11/17,https://page.auctions.yahoo.co.jp/jp/auction/k1161303747
【同梱可】中古品 アイドル 乃木坂46 佐藤璃果 弓木奈於 他 生写真 18コンプ 90枚 10th anniversary of 等 グッズセ,1430,500,4,20:56,2024/11/17,https://page.auctions.yahoo.co.jp/jp/auction/p1161315258
乃木坂４６　佐藤璃果　生写真　Nogizaka46（4期生スペシャル衣装）ヒキ,180,180,1,20:50,2024/11/17,https://page.auctions.yahoo.co.jp/jp/auction/g1071836544
【同梱可】中古品 アイドル 乃木坂46 田村真佑 佐藤璃果 他 生写真 60枚 2022 March-2 等 グッズセット,627,500,3,20:08,2024/11/17,https://page.auctions.yahoo.co.jp/jp/auction/w1161315677
アップトゥボーイ 2022 vol.311 『 Cover 田村真佑(乃木坂46)、佐藤楓、佐藤璃果、朝日ななみ 』 【特大両面ポスター付き】,800,800,1,21:46,2024/11/16,https://page.auctions.yahoo.co.jp/jp/auction/o1135226439
乃木坂46 乃木コレ 生写真 スペシャル衣装43　佐藤璃果,219,100,12,20:59,2024/11/16,https://page.auctions.yahoo.co.jp/jp/auction/d1160605585
乃木坂46 佐藤璃果 会場限定生写真 レーストップス 4枚コンプ 36thSGアンダーライブ,1600,1600,1,13:14,2024/11/16,https://page.auctions.yahoo.co.jp/jp/auction/u1157915575
乃木坂46 佐藤璃果 会場限定生写真 36thSGアンダーライブTシャツ 4枚コンプ 　36thSGアンダーライブ,1600,1600,1,13:14,2024/11/16,https://page.auctions.yahoo.co.jp/jp/auction/c1157892891
乃木坂46　佐藤璃果　生写真　真夏の全国ツアー2024衣装１　コンプ　　プリンセス衣装,300,299,1,21:18,2024/11/15,https://page.auctions.yahoo.co.jp/jp/auction/q1160447210
【同梱可】中古品 アイドル 乃木坂46 久保史緒里 佐藤璃果 他 生写真 60枚 Happy New Year!2023 等 グッズセット,1012,500,6,20:44,2024/11/15,https://page.auctions.yahoo.co.jp/jp/auction/g1161077700
佐藤 璃果『2021.Valentine』乃木坂46 生写真5枚セット,131,1,10,00:00,2024/11/15,https://page.auctions.yahoo.co.jp/jp/auction/u1160590742
乃木坂46 佐藤璃果 2024 April Ⅲ 生写真 3,30,10,3,22:44,2024/11/14,https://page.auctions.yahoo.co.jp/jp/auction/1160165742
乃木坂46 佐藤璃果 2024 April Ⅲ 生写真 3枚セット,30,30,1,22:39,2024/11/14,https://page.auctions.yahoo.co.jp/jp/auction/j1160187308
乃木坂46 佐藤璃果 2024 April Ⅲ 生写真 2枚セット,20,20,1,22:39,2024/11/14,https://page.auctions.yahoo.co.jp/jp/auction/d1160188375
乃木坂46 佐藤璃果 2024 April Ⅲ 生写真 2,10,10,1,22:39,2024/11/14,https://page.auctions.yahoo.co.jp/jp/auction/s1160188710
乃木坂46 佐藤璃果 2024 April Ⅲ 生写真 1,10,10,1,22:38,2024/11/14,https://page.auctions.yahoo.co.jp/jp/auction/h1160198026
乃木坂46〈佐藤璃果〉【個別フォトアルバム】新品 _ 収納グッズ特集 2024年,3500,3500,1,22:13,2024/11/14,https://page.auctions.yahoo.co.jp/jp/auction/t1161041941
乃木坂46佐藤璃果　スペシャル衣装43　乃木コレ　N　生写真　ノーマル３枚コンプ,300,300,1,20:16,2024/11/14,https://page.auctions.yahoo.co.jp/jp/auction/l1160507786
佐藤 璃果『2021 浴衣』(2021.July） 乃木坂46 生写真1枚(チュウ),1,1,1,23:54,2024/11/13,https://page.auctions.yahoo.co.jp/jp/auction/e1160572223
佐藤 璃果『2021 浴衣』(2021.July） 乃木坂46 生写真2枚(チュウ・ヒキ),11,1,2,23:46,2024/11/13,https://page.auctions.yahoo.co.jp/jp/auction/p1160569204
AA342 林瑠奈×佐藤璃果（乃木坂46）◆切り抜き 8ページ 切抜き,110,110,1,21:09,2024/11/13,https://page.auctions.yahoo.co.jp/jp/auction/q1159758441
乃木坂46　佐藤璃果　ジャガード　生写真　コンプ,100,100,1,18:20,2024/11/13,https://page.auctions.yahoo.co.jp/jp/auction/s1159409102
★乃木坂46　好きというのはロックだぜ！個別クリアファイル　齋藤飛鳥・佐藤楓・坂口珠美・佐藤璃果・柴田柚菜★新品未使用品,600,600,1,22:19,2024/11/12,https://page.auctions.yahoo.co.jp/jp/auction/n1065838624
乃木坂46★佐藤璃果★36th シングル チートデイ★初回盤 限定 封入 特典 生写真 4種 4枚 コンプ★フルコンプ★公式写真,280,270,1,21:32,2024/11/12,https://page.auctions.yahoo.co.jp/jp/auction/f1151056187
AA353 佐藤璃果（乃木坂46）◆切り抜き 10ページ 切抜き,130,130,1,21:22,2024/11/12,https://page.auctions.yahoo.co.jp/jp/auction/s1160153164
乃木坂46 佐藤璃果他　パステル　2023.Lucky bag web生写真 3枚まとめ,100,100,1,20:54,2024/11/12,https://page.auctions.yahoo.co.jp/jp/auction/t1160472784
佐藤 璃果『2024 浴衣』(2024.July-Ⅱ） 乃木坂46 生写真1枚(ヨリ),11,1,4,23:50,2024/11/11,https://page.auctions.yahoo.co.jp/jp/auction/1160412036
佐藤 璃果『2024 浴衣』(2024.July-Ⅱ） 乃木坂46 生写真1枚(座り ヒキ),125,1,8,23:41,2024/11/11,https://page.auctions.yahoo.co.jp/jp/auction/r1160409349
送料無料★即決★美品★乃木坂46 遠藤さくら 表紙★田村真佑 佐藤璃果★アップトゥボーイ 2023 MAR vol.323★付録と応募券は無し,680,680,1,21:03,2024/11/11,https://page.auctions.yahoo.co.jp/jp/auction/b1082006524
乃木坂46 web限定ランダム生写真 2024.August-Ⅲ スペシャル衣装43 ノーマル3種コンプ バラ 7枚セット 乃木コレ 佐藤璃果,171,50,11,22:56,2024/11/10,https://page.auctions.yahoo.co.jp/jp/auction/m1160436923
乃木坂46 佐藤璃果 会場限定 レザー×ニットワンピ 生写真 3種コンプ 検)月別 ヨリ チュウ ヒキ 4期生 2024 February-Ⅲ 幕張,480,480,1,22:17,2024/11/10,https://page.auctions.yahoo.co.jp/jp/auction/e1142749584
「B.L.T. BLT 2024年9月号 」ポスター付き 筒井あやめ 乃木坂46 川﨑桜 佐藤璃果,360,300,4,21:29,2024/11/10,https://page.auctions.yahoo.co.jp/jp/auction/q1157922162
乃木坂46　佐藤璃果　36th制服　ヒキ,20,10,3,20:52,2024/11/10,https://page.auctions.yahoo.co.jp/jp/auction/v1159795515
乃木坂46　佐藤璃果　36th制服　ヨリ　ヒキ,30,10,4,20:50,2024/11/10,https://page.auctions.yahoo.co.jp/jp/auction/j1159786881
【同梱可】中古品 アイドル 乃木坂46 黒見明香 佐藤璃果 他 生写真 60枚 グッズセット,979,500,3,20:28,2024/11/10,https://page.auctions.yahoo.co.jp/jp/auction/o1160415520
【同梱可】中古品 アイドル 乃木坂46 黒見明香 佐藤璃果 他 生写真 60枚 グッズセット,979,500,5,20:18,2024/11/10,https://page.auctions.yahoo.co.jp/jp/auction/o1160419100
乃木坂46　佐藤璃果　生写真　スペシャル衣装43　 乃木コレ,300,299,1,08:15,2024/11/10,https://page.auctions.yahoo.co.jp/jp/auction/x1160438674
乃木坂46 4期生のみ缶バッジアクリルスタンドセット 遠藤さくら賀喜遥香金川紗耶柴田柚菜佐藤璃果松尾美佑弓木奈於,510,500,2,23:11,2024/11/09,https://page.auctions.yahoo.co.jp/jp/auction/u1159943723
【同梱可】中古品 アイドル 乃木坂46 林瑠奈 伊藤理々杏 佐藤璃果他 ペンライト 5点 グッズセット,7260,500,22,20:53,2024/11/09,https://page.auctions.yahoo.co.jp/jp/auction/t1160184596
乃木坂46　佐藤璃果　生写真　真夏の全国ツアー2024衣装１　コンプ　　プリンセス衣装,300,299,1,15:07,2024/11/09,https://page.auctions.yahoo.co.jp/jp/auction/k1159401103
乃木坂46　佐藤璃果　生写真　スペシャル衣装43　 乃木コレ,300,299,1,15:05,2024/11/09,https://page.auctions.yahoo.co.jp/jp/auction/x1160439220
乃木坂46「チャンスは平等」 封入 特典 生写真 3種セット（佐藤璃果）,120,120,1,14:50,2024/11/09,https://page.auctions.yahoo.co.jp/jp/auction/p1132110088
乃木坂46　佐藤璃果　Webshop限定　2023年3月度生写真　ファーニット　コンプ,500,500,1,21:42,2024/11/08,https://page.auctions.yahoo.co.jp/jp/auction/x1155545493
乃木坂46 29th　アンダラ　全員　直筆サイン　Tシャツ 伊藤　金川　黒見　佐藤璃果　佐藤楓　中村　林　松尾　向井　矢久保　弓木　他,17000,5555,24,21:20,2024/11/08,https://page.auctions.yahoo.co.jp/jp/auction/t1159391363
乃木坂46★佐藤璃果★29th シングル　Actually...★初回盤 限定 封入 特典 生写真 １種 １枚 ばら売り★公式写真,80,80,1,18:03,2024/11/08,https://page.auctions.yahoo.co.jp/jp/auction/e1056906543
佐藤璃果 生写真 真夏の全国ツアー2024衣装1 コンプ 乃木坂46 WebShop 限定 2024.September 【硬質ケース発送】 全ツ プリンセス衣装,300,300,1,23:34,2024/11/06,https://page.auctions.yahoo.co.jp/jp/auction/l1159546974
佐藤璃果 生写真 36th制服 コンプ 乃木坂46 WebShop 限定 2024.September-Ⅳ 【硬質ケース発送】,300,300,1,22:47,2024/11/06,https://page.auctions.yahoo.co.jp/jp/auction/k1159176345
値下げ乃木坂46公式.10thAnniversary特典【佐藤璃果】 生写真コンプ,500,500,1,22:09,2024/11/06,https://page.auctions.yahoo.co.jp/jp/auction/v1102386424
佐藤 璃果『落とし物 アンダーver.』乃木坂46 生写真5枚セット,510,1,10,23:35,2024/11/05,https://page.auctions.yahoo.co.jp/jp/auction/r1159570511
乃木坂46 生写真 佐藤璃果 まとめ売り,900,900,1,22:30,2024/11/04,https://page.auctions.yahoo.co.jp/jp/auction/o1151067086
乃木坂mobile のぎBOXライト SUMMER 2024 モバカ 4期生 賀喜遥香 田村真佑 筒井あやめ 佐藤璃果 黒見明香 矢久保美緒 柴田柚菜 9枚まとめ,500,300,13,22:22,2024/11/04,https://page.auctions.yahoo.co.jp/jp/auction/k1159452028
乃木坂46　佐藤璃果　ゴルフウェア　生写真　コンプ,100,100,1,13:25,2024/11/04,https://page.auctions.yahoo.co.jp/jp/auction/b1159404488
特2-u082 佐藤璃果 乃木坂46 テレカ,421,1,3,20:12,2024/11/03,https://page.auctions.yahoo.co.jp/jp/auction/c1159209057
乃木坂46　生写真　3種コンプ　佐藤璃果　 36th制服,480,480,1,00:11,2024/11/03,https://page.auctions.yahoo.co.jp/jp/auction/c1159128673
★中古品★生写真 乃木坂46 佐藤璃果 9種12コンプセット ※ダブりあり,1760,1600,1,22:49,2024/11/02,https://page.auctions.yahoo.co.jp/jp/auction/v1158110401
佐藤璃果　ｐｌａｔｉｎｕｍ　ＦＬＡＳＨ　ＱＵＯカード　クオカード　５００　【送料無料】,690,650,3,22:02,2024/11/02,https://page.auctions.yahoo.co.jp/jp/auction/b1158561246
★中古品★生写真 乃木坂46 佐藤璃果 10種13コンプセット ※ダブりあり,1760,1600,1,22:00,2024/11/02,https://page.auctions.yahoo.co.jp/jp/auction/d1158103380
【同梱可】中古品 アイドル 乃木坂46 佐藤璃果 筒井あやめ 人は夢を二度見る 他 CD メンバーカスタムジャケット 等,4180,500,39,20:11,2024/11/02,https://page.auctions.yahoo.co.jp/jp/auction/f1159232192
佐藤 璃果『2024.Halloween』乃木坂46 生写真5枚セット,930,1,14,23:22,2024/11/01,https://page.auctions.yahoo.co.jp/jp/auction/m1159102960
佐藤璃果 乃木坂46 Monopoly コンプ 封入生写真(検 シリアルナンバー 応募券 櫻坂46 承認欲求 脈打つ感情 日向坂46 cd 初回盤,250,250,1,23:09,2024/11/01,https://page.auctions.yahoo.co.jp/jp/auction/u1119591575
佐藤璃果 乃木坂46 ここにはないもの コンプ 封入生写真(検 君はハニーデュー 何歳の頃に戻りたいのか チャンスは平等 日向坂46 櫻坂46,300,300,1,23:06,2024/11/01,https://page.auctions.yahoo.co.jp/jp/auction/m1131422562
乃木坂46　佐藤璃果　チャンスは平等　生写真 　コンプ,299,299,1,21:39,2024/11/01,https://page.auctions.yahoo.co.jp/jp/auction/r1154953271
乃木坂46 生写真　真夏の全国ツアー2024衣装1 林瑠奈　佐藤璃果　柴田柚菜　岡本姫奈　奥田いろは　佐藤楓　向井葉月　伊藤理々杏など,500,500,1,21:27,2024/11/01,https://page.auctions.yahoo.co.jp/jp/auction/u1158976992
乃木坂46 佐藤璃果 生写真 まとめ売り 思い出が止まらなくなる 乃木コレ 2024.June July,100,100,1,20:41,2024/11/01,https://page.auctions.yahoo.co.jp/jp/auction/l1157755004
乃木坂46　佐藤璃果　生写真　36th制服　コンプ,400,399,2,18:30,2024/11/01,https://page.auctions.yahoo.co.jp/jp/auction/t1159078590
乃木坂46　佐藤璃果　生写真　スペシャル衣装42　コンプ,400,399,2,18:30,2024/11/01,https://page.auctions.yahoo.co.jp/jp/auction/g1158563981
乃木坂46　佐藤璃果　生写真　真夏の全国ツアー2024衣装１　コンプ　　プリンセス衣装,300,299,2,18:29,2024/11/01,https://page.auctions.yahoo.co.jp/jp/auction/q1159027902
佐藤璃果 乃木坂46 好きというのはロックだぜ コンプ 封入生写真(検 君はハニーデュー 日向坂46 櫻坂46 チャンスは平等,200,200,1,17:27,2024/11/01,https://page.auctions.yahoo.co.jp/jp/auction/f1132494841
乃木坂46 佐藤璃果 生写真 2024.September 真夏の全国ツアー2024衣装1 チュウ,100,100,1,10:35,2024/11/01,https://page.auctions.yahoo.co.jp/jp/auction/n1158992785
乃木坂46 佐藤璃果 2020 July Ⅱ 生写真 2枚セット,100,20,7,22:00,2024/10/31,https://page.auctions.yahoo.co.jp/jp/auction/r1158332431
乃木坂46 佐藤璃果 2022 March Ⅱ 生写真,61,10,5,21:56,2024/10/31,https://page.auctions.yahoo.co.jp/jp/auction/m1158335178
乃木坂46 佐藤璃果 2022 December Ⅱ 生写真,80,10,6,21:56,2024/10/31,https://page.auctions.yahoo.co.jp/jp/auction/o1158353770
乃木坂46 佐藤璃果 ここにはないもの 生写真 3枚セット,101,30,4,21:51,2024/10/31,https://page.auctions.yahoo.co.jp/jp/auction/q1158347718
乃木坂46 佐藤璃果 Nogizaka46 生写真 2枚セット,51,20,3,21:51,2024/10/31,https://page.auctions.yahoo.co.jp/jp/auction/n1158336635
乃木坂46 佐藤璃果 2023 April Ⅲ 生写真 3枚セット,70,30,3,21:51,2024/10/31,https://page.auctions.yahoo.co.jp/jp/auction/t1158335281
乃木坂46 佐藤璃果 2021 May Ⅲ 生写真 3枚セット,140,30,9,21:50,2024/10/31,https://page.auctions.yahoo.co.jp/jp/auction/g1158358551
乃木坂46 佐藤璃果 2022 April 生写真,50,10,3,21:45,2024/10/31,https://page.auctions.yahoo.co.jp/jp/auction/p1158336044
乃木坂46 佐藤璃果 踏んでしまった 生写真,10,10,1,21:42,2024/10/31,https://page.auctions.yahoo.co.jp/jp/auction/s1158353102
乃木坂46 佐藤璃果 最後のTight Hug 生写真,10,10,1,21:42,2024/10/31,https://page.auctions.yahoo.co.jp/jp/auction/m1158339202
乃木坂46 佐藤璃果 ここにはないもの 生写真,50,10,3,21:41,2024/10/31,https://page.auctions.yahoo.co.jp/jp/auction/t1158338472
乃木坂46 佐藤璃果 Monopoly 生写真 2枚セット,71,20,5,21:41,2024/10/31,https://page.auctions.yahoo.co.jp/jp/auction/v1158347937
乃木坂46　佐藤璃果　届かなくたって　生写真　コンプ,100,100,1,21:09,2024/10/31,https://page.auctions.yahoo.co.jp/jp/auction/j1157187168
【同梱可】良品 アイドル 乃木坂46 佐藤璃果 マフラータオル バナータオル タペストリー フェイスタオル等グッズセッ,5060,500,29,20:41,2024/10/31,https://page.auctions.yahoo.co.jp/jp/auction/l1159023945
【同梱可】中古品 アイドル 乃木坂46 佐藤璃果他 マフラータオル クリアファイル カード 缶バッジ チケットホルダー,2200,500,26,20:09,2024/10/31,https://page.auctions.yahoo.co.jp/jp/auction/l1159029820
■B.L.T. 2021年 2月号　　日向坂46/金村美玖/丹生明里/佐藤璃果/吉田莉桜/岡村ほまれ/井桁弘恵/他 BLT,500,500,1,11:08,2024/10/31,https://page.auctions.yahoo.co.jp/jp/auction/w1138100423
84/R261★グッズ★乃木坂46 2023.May-Ⅱ 生写真 まとめ売り★佐藤璃果/黒見明香/北川悠理/佐藤楓/阪口珠美/向井葉月 他★中古 現状品,111,1,9,22:05,2024/10/30,https://page.auctions.yahoo.co.jp/jp/auction/h1158466159
84/R260★グッズ★乃木坂46 2023.December 真夏の全国ツアー2023衣装2 生写真 まとめ売り★佐藤璃果/黒見明香/奥田いろは 他★中古 現状品,101,1,7,22:01,2024/10/30,https://page.auctions.yahoo.co.jp/jp/auction/b1158457557
乃木坂46　佐藤璃果　Webshop限定　2024年9月度生写真　36th制服　コンプ,500,500,1,19:29,2024/10/30,https://page.auctions.yahoo.co.jp/jp/auction/s1159082836
乃木坂46　佐藤璃果　生写真　36th制服　コンプ,500,499,1,15:04,2024/10/30,https://page.auctions.yahoo.co.jp/jp/auction/m1159081487
乃木坂46　佐藤璃果　生写真　真夏の全国ツアー2024衣装１　コンプ　　プリンセス衣装,400,399,1,05:34,2024/10/30,https://page.auctions.yahoo.co.jp/jp/auction/r1158910640
AA228 坂道研修生 15名全員集合（佐藤璃果 守屋麗奈 幸阪茉里乃 増本綺良 遠藤光莉 松岡愛美 他）◆冊子 8ページ 切り抜き 切抜き 乃木坂46,120,120,1,21:29,2024/10/29,https://page.auctions.yahoo.co.jp/jp/auction/m1158279955
乃木坂46 佐藤璃果 2023 May-Ⅳ チュニック 生写真 コンプ NG2406,500,500,1,21:11,2024/10/29,https://page.auctions.yahoo.co.jp/jp/auction/f1119814193
乃木坂46 佐藤璃果 アクリルキーホルダー 真夏の全国ツアーCAFE 2023,499,499,1,20:54,2024/10/29,https://page.auctions.yahoo.co.jp/jp/auction/l1158592210
乃木坂46 会場 2024年 9月度 ランダム生写真 佐藤璃果 『 2024.September 真夏の全国ツアー 2024衣装1 』 コンプ,480,480,1,18:11,2024/10/29,https://page.auctions.yahoo.co.jp/jp/auction/k1158964673
新品未開封 乃木坂46 佐藤璃果 アクリルキーホルダー 真夏の全国ツアー2023,310,10,12,23:13,2024/10/28,https://page.auctions.yahoo.co.jp/jp/auction/p1158181365
乃木坂46　 佐藤璃果　生写真　チャンスは平等　 封入　セミコンプ,30,30,1,21:43,2024/10/28,https://page.auctions.yahoo.co.jp/jp/auction/d1158709920
佐藤 璃果『落とし物 アンダーver.』乃木坂46 生写真5枚セット,1300,1,15,23:41,2024/10/27,https://page.auctions.yahoo.co.jp/jp/auction/1158559272
佐藤璃果　乃木坂46 [34th制服+デニムジャケット] ランダム生写真　6種コンプ,531,1,13,23:19,2024/10/27,https://page.auctions.yahoo.co.jp/jp/auction/k1157721105
乃木坂46 佐藤璃果 フォトアルバム,1500,1000,5,22:49,2024/10/27,https://page.auctions.yahoo.co.jp/jp/auction/r1153844143
乃木坂46 佐藤璃果 2023 Christmas 生写真 5枚セット,353,30,13,22:34,2024/10/27,https://page.auctions.yahoo.co.jp/jp/auction/b1158116658
乃木坂46 佐藤璃果 2024 April Ⅲ 生写真 3枚セット,80,30,6,22:32,2024/10/27,https://page.auctions.yahoo.co.jp/jp/auction/d1158113674
乃木坂46 佐藤璃果 4期生スペシャル 生写真 2枚セット,50,20,3,22:32,2024/10/27,https://page.auctions.yahoo.co.jp/jp/auction/k1158109101
乃木坂46 佐藤璃果 2024 April Ⅲ 生写真 2枚セット,20,20,1,22:32,2024/10/27,https://page.auctions.yahoo.co.jp/jp/auction/l1158103996
乃木坂46 佐藤璃果 おひとりさま天国 生写真,20,10,2,22:32,2024/10/27,https://page.auctions.yahoo.co.jp/jp/auction/1158085648
乃木坂46 佐藤璃果 Actually… 生写真,30,10,2,22:32,2024/10/27,https://page.auctions.yahoo.co.jp/jp/auction/q1158104691
乃木坂46 佐藤璃果 9th YEAR BIRTHDAY LIVE 3・4期生ver. 生写真,10,10,1,22:32,2024/10/27,https://page.auctions.yahoo.co.jp/jp/auction/s1158113112
乃木坂46 佐藤璃果 2024 April Ⅲ 生写真 3,20,10,2,22:31,2024/10/27,https://page.auctions.yahoo.co.jp/jp/auction/s1158104596
乃木坂46 佐藤璃果 2024 April Ⅲ 生写真 2,30,10,3,22:31,2024/10/27,https://page.auctions.yahoo.co.jp/jp/auction/k1158105872
乃木坂46 佐藤璃果 2024 April Ⅲ 生写真 1,20,10,2,22:31,2024/10/27,https://page.auctions.yahoo.co.jp/jp/auction/l1158107589
乃木坂46 佐藤璃果 2024 March Ⅴ 生写真,30,10,3,22:31,2024/10/27,https://page.auctions.yahoo.co.jp/jp/auction/g1158119014
乃木坂46 佐藤璃果 2023 April Ⅲ 生写真,10,10,1,22:30,2024/10/27,https://page.auctions.yahoo.co.jp/jp/auction/h1158126359
乃木坂46 佐藤璃果 2020 July Ⅱ 生写真,10,10,1,22:30,2024/10/27,https://page.auctions.yahoo.co.jp/jp/auction/s1158113556
乃木坂46 真夏の全国ツアー 真夏のウォーターフェス トランプ 川﨑さくら 小川彩 岡本姫奈 林瑠奈 賀喜遥香 弓木奈於 佐藤璃果 矢久保美緒,510,500,2,22:12,2024/10/27,https://page.auctions.yahoo.co.jp/jp/auction/u1158401400
乃木坂46 生写真 佐藤璃果 浴衣 2023.July-II ヒキ,80,80,1,22:08,2024/10/27,https://page.auctions.yahoo.co.jp/jp/auction/t1148679668
特1-q094 佐藤璃果 乃木坂46 テレカ,415,1,4,20:14,2024/10/27,https://page.auctions.yahoo.co.jp/jp/auction/r1158270486
乃木坂46　クリアファイル　岡本姫奈　佐藤璃果　清宮レイ 公式グッズ ３枚セット　新品未開封品,200,200,1,18:45,2024/10/27,https://page.auctions.yahoo.co.jp/jp/auction/l1157656302
乃木坂46　佐藤璃果　生写真　スペシャル衣装42　コンプ,400,399,1,14:50,2024/10/26,https://page.auctions.yahoo.co.jp/jp/auction/e1158190216
乃木坂46　佐藤璃果　生写真　車道側　コンプ,400,399,1,14:50,2024/10/26,https://page.auctions.yahoo.co.jp/jp/auction/f1158185509
佐藤璃果　乃木坂46 [車道側　アンダーver] 個別生写真　WEBSHOP限定　5種コンプ,1480,1480,1,10:55,2024/10/26,https://page.auctions.yahoo.co.jp/jp/auction/c1155984857
乃木坂46 佐藤璃果 会場生写真 チョーカーネックレス 3枚コンプ (品物説明文を必ず全てお読み下さい),200,200,1,22:09,2024/10/25,https://page.auctions.yahoo.co.jp/jp/auction/f1151804896
乃木坂46 佐藤璃果 Actually... 生写真 コンプ N4715,300,300,1,21:58,2024/10/25,https://page.auctions.yahoo.co.jp/jp/auction/n1135720246
乃木坂46　佐藤璃果　Webshop限定　生写真まとめ51枚　ダブリあり,1500,1500,1,21:53,2024/10/25,https://page.auctions.yahoo.co.jp/jp/auction/s1155558184
乃木坂46 佐藤璃果 Monopoly 封入 生写真 コンプ N5541,200,200,1,21:51,2024/10/25,https://page.auctions.yahoo.co.jp/jp/auction/r1135844113
乃木坂46 佐藤璃果 ここにはないもの 封入 生写真 コンプ N2061,300,300,1,21:51,2024/10/25,https://page.auctions.yahoo.co.jp/jp/auction/c1135850506
乃木坂46 佐藤璃果 僕は僕を好きになる 生写真 コンプ N3135,300,300,1,21:51,2024/10/25,https://page.auctions.yahoo.co.jp/jp/auction/t1135724354
乃木坂46 佐藤璃果 11thYEARBIRTHDAYLIVE 11thBD バスラ ライブT Tシャツ 生写真 コンプ N4713,300,300,1,21:50,2024/10/25,https://page.auctions.yahoo.co.jp/jp/auction/u1115417741
乃木坂46 佐藤璃果 おひとりさま天国 シングル封入 生写真 コンプ NG2766,300,300,1,21:38,2024/10/25,https://page.auctions.yahoo.co.jp/jp/auction/d1133010582
乃木坂46 佐藤璃果 白石麻衣卒業コンサート 卒コン ライブT Tシャツ 生写真 コンプ N4712,300,300,1,21:36,2024/10/25,https://page.auctions.yahoo.co.jp/jp/auction/h1115000260
乃木坂46 佐藤璃果 真夏の全国ツアー2021 大阪ver ライブTシャツ 生写真 コンプ NG2764,300,300,1,21:31,2024/10/25,https://page.auctions.yahoo.co.jp/jp/auction/b1133003981
乃木坂46 佐藤璃果 好きというのはロックだぜ! 生写真 コンプ NG2770,300,300,1,21:31,2024/10/25,https://page.auctions.yahoo.co.jp/jp/auction/b1133018556
乃木坂46 佐藤璃果 2023 September ベースボールシャツ2023 生写真 コンプ NG2767,300,300,1,21:30,2024/10/25,https://page.auctions.yahoo.co.jp/jp/auction/c1133006805
乃木坂46 佐藤璃果 2023 April-3 紅白2022衣装 乃木コレ生写真 コンプ N2927,100,100,1,21:28,2024/10/25,https://page.auctions.yahoo.co.jp/jp/auction/w1148940253
乃木坂46 佐藤璃果 2021 September 真夏の全国ツアー2021Tシャツ 共通ver. 生写真 コンプ N4911,300,300,1,21:28,2024/10/25,https://page.auctions.yahoo.co.jp/jp/auction/l1117990920
乃木坂46 佐藤璃果 好きというのはロックだぜ 封入 生写真 コンプ N4110,300,300,1,21:19,2024/10/25,https://page.auctions.yahoo.co.jp/jp/auction/f1123764080
乃木坂46 佐藤璃果 2024 July-3 オーバーオール 生写真 コンプ N7892,100,100,2,21:11,2024/10/25,https://page.auctions.yahoo.co.jp/jp/auction/c1156416860
AA216 佐藤璃果（乃木坂46）◆切り抜き 3ページ 切抜き,60,60,1,21:11,2024/10/25,https://page.auctions.yahoo.co.jp/jp/auction/m1158142002
【同梱可】良品 アイドル 乃木坂46 佐藤璃果他 スティックライトホルダー ポスター 小物ケース キャップ等グッズセッ,2201,500,8,22:37,2024/10/24,https://page.auctions.yahoo.co.jp/jp/auction/r1158006411
乃木坂46 佐藤璃果 生写真 2020.August-Ⅴ リゾートワンピ 3枚コンプ/No6767,300,300,1,21:44,2024/10/24,https://page.auctions.yahoo.co.jp/jp/auction/1088338266
乃木坂46 佐藤璃果 生写真 2020.May-Ⅱ エクリュ 3枚コンプ/No6758,300,300,1,21:44,2024/10/24,https://page.auctions.yahoo.co.jp/jp/auction/x1088335066
乃木坂46 佐藤璃果 生写真 2021.May-Ⅲ 変形ブラウス 3枚コンプ/No6779,300,300,1,21:43,2024/10/24,https://page.auctions.yahoo.co.jp/jp/auction/j1088344161
乃木坂46 佐藤璃果 生写真 2020.October-Ⅲ ウエストベルト 3枚コンプ/No6770,300,300,1,21:43,2024/10/24,https://page.auctions.yahoo.co.jp/jp/auction/b1130274952
乃木坂46 佐藤璃果 生写真 2022.May ビタミンカラー 3枚コンプ/No6786,300,300,1,21:43,2024/10/24,https://page.auctions.yahoo.co.jp/jp/auction/p1088340584
乃木坂46 佐藤璃果 生写真 2020.August-Ⅱ かぎ針編み 3枚コンプ/No6765,300,300,1,21:43,2024/10/24,https://page.auctions.yahoo.co.jp/jp/auction/d1088343560
乃木坂46 佐藤璃果 生写真 2020.August-Ⅲ フラワープリント 3枚コンプ/No6766,300,300,1,21:19,2024/10/24,https://page.auctions.yahoo.co.jp/jp/auction/o1130280150
乃木坂46 佐藤璃果 生写真 2020.May-Ⅲ マウンテンパーカー 3枚コンプ/No6759,300,300,1,21:15,2024/10/24,https://page.auctions.yahoo.co.jp/jp/auction/m1088332903
乃木坂46 佐藤璃果 生写真 Route 246 3枚コンプ/No6791,300,300,1,21:15,2024/10/24,https://page.auctions.yahoo.co.jp/jp/auction/q1088347832
乃木坂46 佐藤璃果 生写真 2020.December-Ⅳ プリーツ 3枚コンプ/No6773,300,300,1,21:14,2024/10/24,https://page.auctions.yahoo.co.jp/jp/auction/h1088334290
乃木坂46 個別アクリルスタンド/9th YEAR BIRTHDAY 佐藤璃果,2000,1600,4,21:07,2024/10/24,https://page.auctions.yahoo.co.jp/jp/auction/r1123624647
乃木坂46 佐藤璃果 生写真 2021.May-Ⅱ レトロドレス 3枚コンプ/No6778,300,300,1,21:02,2024/10/24,https://page.auctions.yahoo.co.jp/jp/auction/1088344359
乃木坂46 佐藤璃果 生写真 Happy New Year!2021 干支 丑 3枚コンプ/No1612,300,300,1,21:01,2024/10/24,https://page.auctions.yahoo.co.jp/jp/auction/o1053228752
乃木坂46★佐藤璃果★35th シングル チャンスは平等★初回盤 限定 封入 特典 生写真 1種 1枚 ばら売り★公式写真,30,30,1,17:02,2024/10/24,https://page.auctions.yahoo.co.jp/jp/auction/g1139537695
乃木坂46★佐藤璃果★32nd シングル 人は夢を二度見る★初回盤 限定 封入 特典 生写真 1種 1枚 ばら売り★公式写真,50,50,1,16:30,2024/10/24,https://page.auctions.yahoo.co.jp/jp/auction/m1093015285
乃木坂46 佐藤璃果 2022 March-2 紅白2021衣装2 乃木コレ 生写真 コンプ N1886,150,150,1,22:10,2024/10/23,https://page.auctions.yahoo.co.jp/jp/auction/l1148937722
乃木坂46 佐藤璃果 4期生スペシャル 生写真 コンプ N3138,200,200,1,22:10,2024/10/23,https://page.auctions.yahoo.co.jp/jp/auction/p1148926944
乃木坂46　佐藤璃果　生写真　車道側　コンプ,400,399,2,21:41,2024/10/23,https://page.auctions.yahoo.co.jp/jp/auction/w1154968870
乃木坂46　佐藤璃果　生写真　スペシャル衣装42　コンプ,400,399,1,21:41,2024/10/23,https://page.auctions.yahoo.co.jp/jp/auction/s1157488100
佐藤璃果 68枚（22コンプ）まとめ売り 乃木坂46 生写真,12165,12165,1,21:35,2024/10/23,https://page.auctions.yahoo.co.jp/jp/auction/v1139422887
乃木坂46　生写真　2023 September　ベースボールシャツ　佐藤璃果　コンプ,140,140,1,16:59,2024/10/23,https://page.auctions.yahoo.co.jp/jp/auction/v1157571477
乃木坂46 佐藤璃果 生写真 スペシャル衣装42 3枚コンプ (品物説明文を全てお読み下さい),100,100,1,22:12,2024/10/22,https://page.auctions.yahoo.co.jp/jp/auction/h1157923324
乃木坂46 生写真　まとめ売り　岩本蓮加　金川紗耶　奥田いろは　佐藤璃果　岡本姫奈　阪口珠美　清宮レイ　弓木奈於　中村麗乃など,500,500,1,21:29,2024/10/22,https://page.auctions.yahoo.co.jp/jp/auction/j1157628187
乃木坂46 生写真　12th BDライブ衣装　佐藤璃果　柴田柚菜　清宮レイ　金川紗耶　松尾美佑　向井葉月　矢久保美緒　弓木奈於　岡本姫奈など,500,500,1,21:23,2024/10/22,https://page.auctions.yahoo.co.jp/jp/auction/d1157637617
乃木坂46　生写真　まとめ売り　25枚　佐藤璃果,880,880,1,12:58,2024/10/22,https://page.auctions.yahoo.co.jp/jp/auction/t1152433401
乃木坂46 【佐藤璃果】 個別フォトアルバム CHOOSE 3or4 GOODS! 個別グッズ 検索）生写真 グッズ 未開封 新品,1980,1980,1,01:06,2024/10/22,https://page.auctions.yahoo.co.jp/jp/auction/k1156817881
乃木坂46 佐藤璃果 生写真 34th制服 3枚コンプセット(品物説明文を必ず最後まで、お読み下さい),120,100,3,22:09,2024/10/21,https://page.auctions.yahoo.co.jp/jp/auction/l1157257804
☆送料無料☆乃木坂４６ 佐藤璃果【まとめ大量】生写真ダブり無し３７枚セット【コンプ１２セット】,2380,2380,1,22:03,2024/10/21,https://page.auctions.yahoo.co.jp/jp/auction/n1154260065
佐藤璃果 コンプ 2022 November 生写真　乃木坂46,100,100,1,22:54,2024/10/20,https://page.auctions.yahoo.co.jp/jp/auction/v1153867036
乃木坂46 個別ネームキーホルダー 4期生グッズ　佐藤璃果,800,800,1,22:48,2024/10/19,https://page.auctions.yahoo.co.jp/jp/auction/c1121489865
乃木坂46 佐藤璃果 生写真 スペシャル衣装42 3枚コンプ (品物説明文を全てお読み下さい),370,100,14,22:27,2024/10/19,https://page.auctions.yahoo.co.jp/jp/auction/x1157467531
佐藤璃果　切り抜き　１２０ページ,1480,1480,1,22:02,2024/10/19,https://page.auctions.yahoo.co.jp/jp/auction/r1085407089
乃木坂46 佐藤璃果 真夏の全国ツアー 2024 ライブT Tシャツ 大阪ver. 生写真 コンプ N7896,100,100,1,18:54,2024/10/19,https://page.auctions.yahoo.co.jp/jp/auction/j1156426407
乃木坂46 佐藤璃果 残暑見舞いポストカード　CHOOSE 3or4 GOODS,100,100,1,03:01,2024/10/19,https://page.auctions.yahoo.co.jp/jp/auction/t757766624
AA160 筒井あやめ×佐藤璃果×松尾美佑×北川悠理（乃木坂46）◆切り抜き 5ページ 切抜き,80,80,1,21:15,2024/10/18,https://page.auctions.yahoo.co.jp/jp/auction/e1157275113
乃木坂46　佐藤璃果　生写真　スペシャル衣装42　コンプ,500,499,1,16:44,2024/10/18,https://page.auctions.yahoo.co.jp/jp/auction/f1157467677
乃木坂46 佐藤璃果 個別うちわ 真夏の全国ツアー2022,729,729,1,22:01,2024/10/17,https://page.auctions.yahoo.co.jp/jp/auction/h1143170981
乃木坂46 佐藤璃果 生写真 リアルミーグリ愛知 トラックジャケット 3種コンプ,600,600,1,18:07,2024/10/17,https://page.auctions.yahoo.co.jp/jp/auction/p1156888379
乃木坂46 佐藤璃果 35th シングル チャンスは平等 封入 生写真 コンプ(typeA・typeB・typeC・typeD),350,350,1,20:53,2024/10/16,https://page.auctions.yahoo.co.jp/jp/auction/l1142745712
送料込み　アップトゥボーイ 2022年3月　田村真佑 朝日ななみ 牧野真莉愛 佐藤璃果 永尾まりや 佐藤楓 応募はがきなし　ポスター付き,600,600,1,20:00,2024/10/16,https://page.auctions.yahoo.co.jp/jp/auction/l1143878417
乃木坂46〈佐藤璃果〉【ポロニット】コンプ _ 36th チートデイ リアルミーグリ 幕張 会場 生写真,300,300,1,20:48,2024/10/15,https://page.auctions.yahoo.co.jp/jp/auction/e1153212407
乃木坂46佐藤璃果⑮　 乃木坂モバイル アクリルスタンド１枚,2700,2700,1,18:01,2024/10/15,https://page.auctions.yahoo.co.jp/jp/auction/p1156666785
乃木坂46 生写真 9thBDライブ衣装1 真夏の全国ツアー2021 佐藤璃果 会場 コンプ,800,800,1,12:13,2024/10/15,https://page.auctions.yahoo.co.jp/jp/auction/p857692111
佐藤璃果　乃木坂46 [34th制服+デニムジャケット] ランダム生写真　6種コンプ,222,1,12,00:06,2024/10/15,https://page.auctions.yahoo.co.jp/jp/auction/c1155941270
乃木坂46 佐藤璃果 2024 July-2 浴衣 生写真 コンプ 5種 N7916,700,700,1,20:10,2024/10/14,https://page.auctions.yahoo.co.jp/jp/auction/j1156434150
佐藤璃果★乃木坂46★乃木坂46生写真★9th anniversary★生写真3枚セット★3種コンプ,129,129,1,18:07,2024/10/14,https://page.auctions.yahoo.co.jp/jp/auction/o1079624113
1円～ 乃木坂46 松尾美佑 佐藤璃果 柴田柚菜 早川聖来 生写真 乃木コレ 2022 November 3種+R まとめ売り,31,1,3,22:59,2024/10/13,https://page.auctions.yahoo.co.jp/jp/auction/k1155830895
乃木坂46 生写真 佐藤璃果 5コンプ 紅白2021衣装2 乃木コレ,210,1,7,22:41,2024/10/13,https://page.auctions.yahoo.co.jp/jp/auction/o1152939849
乃木坂46 生写真 佐藤璃果 3コンプ 浴衣 2022,1,1,1,22:41,2024/10/13,https://page.auctions.yahoo.co.jp/jp/auction/q1152939240
乃木坂46 生写真 佐藤璃果 コンプ 真夏の全国ツアー2021 Tシャツ 共通,21,1,2,22:40,2024/10/13,https://page.auctions.yahoo.co.jp/jp/auction/x1152942003
乃木坂46 生写真 佐藤璃果 コンプ ステッチデザイン,1,1,1,22:39,2024/10/13,https://page.auctions.yahoo.co.jp/jp/auction/d1152945880
乃木坂46 生写真 佐藤璃果 コンプ R レア 10thBDライブ衣装 乃木コレ,260,1,9,22:35,2024/10/13,https://page.auctions.yahoo.co.jp/jp/auction/u1152957284
乃木坂46 生写真 佐藤璃果 コンプ 10thBDライブ衣装 乃木コレ,21,1,2,22:35,2024/10/13,https://page.auctions.yahoo.co.jp/jp/auction/v1152951066
乃木坂46 生写真 佐藤璃果 コンプ 制服風コーデ 広島 2023 全ツ,230,1,8,22:34,2024/10/13,https://page.auctions.yahoo.co.jp/jp/auction/1152931423
乃木坂46 生写真 佐藤璃果 コンプ 壁 I レア 10周年記念A 10th Anniversary,221,1,12,22:33,2024/10/13,https://page.auctions.yahoo.co.jp/jp/auction/v1152952604
乃木坂46 生写真 佐藤璃果 2コンプ スペシャル衣装38 乃木コレ,1,1,1,22:33,2024/10/13,https://page.auctions.yahoo.co.jp/jp/auction/f1152941008
乃木坂46 生写真 佐藤璃果 コンプ 30th SGアンダーライブTシャツ,21,1,2,22:31,2024/10/13,https://page.auctions.yahoo.co.jp/jp/auction/g1152950785
乃木坂46 生写真 佐藤璃果 コンプ 真夏の全国ツアー2022 Tシャツ 愛知,200,1,6,22:31,2024/10/13,https://page.auctions.yahoo.co.jp/jp/auction/f1152937927
乃木坂46 真夏の全国ツアー 真夏のウォーターフェス トランプ 4期生まとめ 賀喜遥香 遠藤さくら 弓木奈於 佐藤璃果 矢久保美緒 黒見明香,500,500,1,22:30,2024/10/13,https://page.auctions.yahoo.co.jp/jp/auction/d1156420512
乃木坂46 生写真 佐藤璃果 コンプ 座りヒキ 9周年記念 9th Anniversary,65,1,5,22:29,2024/10/13,https://page.auctions.yahoo.co.jp/jp/auction/k1152936569
乃木坂46 生写真 佐藤璃果 コンプ 緑×白コーデ 2023 全ツ 全国ツアー,210,1,6,22:27,2024/10/13,https://page.auctions.yahoo.co.jp/jp/auction/g1152953821
乃木坂46 生写真 佐藤璃果 コンプ ハロウィン 2022 Halloween,258,1,10,22:26,2024/10/13,https://page.auctions.yahoo.co.jp/jp/auction/b1152950923
乃木坂46 生写真 佐藤璃果 2コンプ Happy New Year 2020 丑,11,1,2,22:25,2024/10/13,https://page.auctions.yahoo.co.jp/jp/auction/c1152935568
乃木坂46 生写真 佐藤璃果 コンプ 座りヒキ 浴衣 2021,1,1,1,22:11,2024/10/13,https://page.auctions.yahoo.co.jp/jp/auction/j1155793898
B16169 ◆佐藤璃果　乃木坂４６ A4サイズポスター 送料180円 ★5点以上同梱で送料無料★,240,240,1,21:30,2024/10/13,https://page.auctions.yahoo.co.jp/jp/auction/h1115352168
乃木坂46　佐藤璃果　部分空き　生写真　コンプ,100,100,1,20:52,2024/10/13,https://page.auctions.yahoo.co.jp/jp/auction/h1144749207
B.L.T. 2024年9月号 乃木坂46 佐藤璃果 セブンネット 特典 ポストカード,500,500,1,20:31,2024/10/13,https://page.auctions.yahoo.co.jp/jp/auction/q1146812811
乃木坂46 佐藤璃果 生写真 トラックジャケット コンプ,680,680,1,18:42,2024/10/13,https://page.auctions.yahoo.co.jp/jp/auction/f1156800826
乃木坂46 生写真 4期生 まとめ売りコンプのみ9組27枚。賀喜、掛橋、柴田、松尾、清宮、林、黒見、佐藤璃果。8名のみ。,400,390,2,21:13,2024/10/12,https://page.auctions.yahoo.co.jp/jp/auction/j1155913738
乃木坂46 monopoly 生写真　3種コンプ　佐藤璃果,300,300,1,23:16,2024/10/11,https://page.auctions.yahoo.co.jp/jp/auction/r1133483385
乃木坂46 おひとりさま天国　生写真　3種コンプ　佐藤璃果,300,300,1,23:12,2024/10/11,https://page.auctions.yahoo.co.jp/jp/auction/l1123550313
【同梱可】中古品 アイドル 乃木坂46 岩本蓮加 佐藤璃果 他 生写真 60枚 2020 April-2 等 グッズセット,1009,500,18,22:08,2024/10/11,https://page.auctions.yahoo.co.jp/jp/auction/e1156325167
乃木坂46 生写真　スペシャル衣装41 佐藤璃果　岡本姫奈　阪口珠美　金川紗耶　林瑠奈　弓木奈於　奥田いろは　中村麗乃　向井葉月など,500,500,1,21:55,2024/10/11,https://page.auctions.yahoo.co.jp/jp/auction/f1155703735
乃木坂46 生写真まとめ売り　久保史緒里　岡本姫奈　佐藤璃果　阪口珠美　清宮レイ　北川悠理　中村麗乃　弓木奈於　佐藤楓　向井葉月など,520,500,3,21:55,2024/10/11,https://page.auctions.yahoo.co.jp/jp/auction/n1155696545
乃木坂46 生写真　12th BDライブ衣装　弓木奈於　林瑠奈　柴田柚菜　岡本姫奈　清宮レイ　佐藤璃果　松尾美佑　金川紗耶　向井葉月など,700,500,13,21:55,2024/10/11,https://page.auctions.yahoo.co.jp/jp/auction/s1155707937
乃木坂46 佐藤璃果 生写真(乃木コレ),30,30,1,08:55,2024/10/11,https://page.auctions.yahoo.co.jp/jp/auction/u1155437193
★乃木坂46★佐藤璃果 フリンジ December 2020 生写真 1枚/ヒキ★,200,200,1,18:00,2024/10/10,https://page.auctions.yahoo.co.jp/jp/auction/541440955
佐藤璃果 矢久保美緒 EX大衆 連載『乃木坂の星』 全20回 切り抜き／乃木坂46,1200,1200,1,12:55,2024/10/10,https://page.auctions.yahoo.co.jp/jp/auction/o1124317884
AA944 坂道研修生 15名全員集合（佐藤璃果 守屋麗奈 幸阪茉里乃 増本綺良 遠藤光莉 松岡愛美 他）◆冊子 8ページ 切り抜き 切抜き 乃木坂46,120,120,1,21:28,2024/10/09,https://page.auctions.yahoo.co.jp/jp/auction/h1155810019
乃木坂46 佐藤璃果　生写真　車道側,165,100,3,20:31,2024/10/07,https://page.auctions.yahoo.co.jp/jp/auction/b1155488077
"乃木坂46「チャンスは平等」 封入 特典 生写真 8種セット(向井葉月,柴田柚菜,奥田いろは,吉田綾乃クリスティー,清宮レイ2種,佐藤璃果2種)",150,150,1,00:19,2024/10/07,https://page.auctions.yahoo.co.jp/jp/auction/b1138117698
佐藤璃果（乃木坂46）アップトゥボーイ 2023年3月号【セブンネット限定特典：ポストカード,1399,100,8,22:49,2024/10/06,https://page.auctions.yahoo.co.jp/jp/auction/h1155349930
乃木坂46 生写真 12th anniversary 会場限定 バスラ 池田瑛紗 菅原咲月 岡本姫奈 佐藤楓 梅澤美波 佐藤璃果 黒見明香 14枚まとめ売り,270,100,17,22:41,2024/10/06,https://page.auctions.yahoo.co.jp/jp/auction/h1155523872
乃木坂46 生写真 2024 120枚セット 岩本蓮加 佐藤璃果 阪口珠美,2000,2000,1,21:20,2024/10/06,https://page.auctions.yahoo.co.jp/jp/auction/f1154743567
美品乃木坂46公式2022June真夏の全国ツアー10thBD衣装特典 【佐藤璃果】生写真,1,1,1,22:16,2024/10/04,https://page.auctions.yahoo.co.jp/jp/auction/b1153061627
乃木坂46 佐藤璃果　ベースボールシャツ　2023.September web生写真 3種コンプ,100,100,1,20:14,2024/10/04,https://page.auctions.yahoo.co.jp/jp/auction/w1155110208
佐藤璃果 トレーディングカード 山下美月卒業コンサート Blu-ray 完全生産限定盤 封入特典 乃木坂46,100,100,1,21:44,2024/10/03,https://page.auctions.yahoo.co.jp/jp/auction/1155084911
乃木坂46　35th制服　生写真　3種コンプ　佐藤璃果,500,500,1,22:06,2024/10/02,https://page.auctions.yahoo.co.jp/jp/auction/u1154729496
乃木坂46 佐藤璃果 チートデイ ポストカード,100,100,1,20:04,2024/10/01,https://page.auctions.yahoo.co.jp/jp/auction/h1154729251
84/L561★グッズ★乃木坂46 僕は僕を好きになる 生写真 まとめ売り★大園桃子/新内眞衣/高山一実/田村真佑/佐藤璃果 他★中古 現状品,4001,1,23,22:23,2024/09/30,https://page.auctions.yahoo.co.jp/jp/auction/v1154559155
乃木坂46 佐藤璃果 生写真 車道側 3枚コンプセット(品物説明文を、必ず最後まで、お読み下さい),200,200,1,22:07,2024/09/30,https://page.auctions.yahoo.co.jp/jp/auction/v1154839529
佐藤璃果 生写真 車道側 コンプ 乃木坂46 WebShop 限定 【硬質ケース発送】 歌唱衣装,300,300,1,21:48,2024/09/30,https://page.auctions.yahoo.co.jp/jp/auction/q1154706609
AA832 乃木坂46 シン4期生（佐藤璃果×弓木奈於×黒見明香×林瑠奈×松尾美佑）◆袋とじ 8ページ 切り抜き 切抜き,120,120,1,21:29,2024/09/30,https://page.auctions.yahoo.co.jp/jp/auction/e1154755148
乃木坂46 佐藤璃果 生写真　車道側,330,100,18,20:31,2024/09/30,https://page.auctions.yahoo.co.jp/jp/auction/1154428011
乃木坂46　佐藤 璃果　個別スティックライト / 点灯OK,2910,1000,7,23:17,2024/09/29,https://page.auctions.yahoo.co.jp/jp/auction/x1153818766
佐藤璃果 2022 November コンプ 生写真　乃木坂46,91,30,3,22:51,2024/09/29,https://page.auctions.yahoo.co.jp/jp/auction/x1153853940
佐藤璃果 2023 August コンプ 生写真　乃木坂46,101,30,6,22:45,2024/09/29,https://page.auctions.yahoo.co.jp/jp/auction/l1153866276
乃木坂46 佐藤璃果 生写真 車道側 3枚コンプセット(品物説明文を、必ず最後まで、お読み下さい),310,200,6,22:12,2024/09/29,https://page.auctions.yahoo.co.jp/jp/auction/p1154625094
佐藤璃果 2023 August コンプ 生写真　乃木坂46,100,100,1,22:07,2024/09/29,https://page.auctions.yahoo.co.jp/jp/auction/f1153927103
1-376★佐藤璃果★テレホンカード,450,450,1,21:58,2024/09/29,https://page.auctions.yahoo.co.jp/jp/auction/p1150528217
乃木坂46　佐藤璃果　生写真　車道側　コンプ,500,499,1,10:08,2024/09/29,https://page.auctions.yahoo.co.jp/jp/auction/w1154420943
乃木坂46佐藤璃果　モバイル クリアカード １枚,100,100,1,22:54,2024/09/28,https://page.auctions.yahoo.co.jp/jp/auction/u1154636240
佐藤璃果　乃木坂46 [34th制服+デニムジャケット] ランダム生写真　6種コンプ,510,1,22,22:25,2024/09/28,https://page.auctions.yahoo.co.jp/jp/auction/l1153851914
乃木坂46 佐藤璃果 生写真 Monopoly 3枚コンプ,200,200,1,02:30,2024/09/28,https://page.auctions.yahoo.co.jp/jp/auction/c1131600194
乃木坂46 佐藤璃果 生写真 チャンスは平等 3枚コンプ,300,300,1,02:26,2024/09/28,https://page.auctions.yahoo.co.jp/jp/auction/w1145692673
【同梱可】中古品 アイドル 乃木坂46 久保史緒里 佐藤璃果 他 生写真 25コンプ 80枚 夜明けまで強がらなくてもいい,2421,500,29,22:40,2024/09/27,https://page.auctions.yahoo.co.jp/jp/auction/p1154250942
乃木坂46　佐藤璃果　Webshop限定　2024年8月度生写真　車道側　コンプ,500,500,1,17:06,2024/09/27,https://page.auctions.yahoo.co.jp/jp/auction/x1154429851
乃木坂46　佐藤璃果　生写真　車道側　コンプ,600,599,1,21:00,2024/09/26,https://page.auctions.yahoo.co.jp/jp/auction/b1154383998
乃木坂46　佐藤璃果　生写真　車道側　コンプ,600,599,1,15:39,2024/09/26,https://page.auctions.yahoo.co.jp/jp/auction/g1154373711
☆送料無料☆乃木坂４６ 佐藤璃果【まとめ大量】生写真ダブり無し６３枚セット【コンプ２０セット】,3780,3780,1,20:54,2024/09/25,https://page.auctions.yahoo.co.jp/jp/auction/e1154126024
乃木坂46 チャンスは平等　封入生写真　4種コンプ　佐藤璃果,200,200,1,23:41,2024/09/23,https://page.auctions.yahoo.co.jp/jp/auction/t1139249349
佐藤璃果　乃木坂46　Platinum (プラチナ) FLASH Vol.23　セブンネット限定特典　ポストカード,1200,100,15,22:48,2024/09/23,https://page.auctions.yahoo.co.jp/jp/auction/1153370558
乃木坂46 佐藤璃果 9thAnniversary 生写真 ヨリ 9周年記念,40,40,1,19:43,2024/09/22,https://page.auctions.yahoo.co.jp/jp/auction/e1036006928
乃木坂46 佐藤璃果 2024福袋 写真 ②,120,120,1,15:28,2024/09/22,https://page.auctions.yahoo.co.jp/jp/auction/w1128688460
佐藤璃果 生写真 スペシャル衣装41 コンプ 乃木坂46 WebShop 限定 2024.June 【硬質ケース発送】,300,300,1,00:03,2024/09/22,https://page.auctions.yahoo.co.jp/jp/auction/b1152905897
佐藤璃果 生写真 真夏の全国ツアー2024愛知Tシャツ コンプ 乃木坂46 バンテリンドームナゴヤ 会場販売 【硬質ケース発送】 ライブT 全ツ,300,300,1,00:02,2024/09/22,https://page.auctions.yahoo.co.jp/jp/auction/o1151001421
乃木坂46生写真 齋藤飛鳥 生田絵梨花 佐藤璃果 CHOOSE 5 PHOTOS 生田絵梨花卒業コンサート,120,120,1,22:50,2024/09/21,https://page.auctions.yahoo.co.jp/jp/auction/m1144727692
乃木坂46　佐藤璃果　モバイル クリアカードA　１枚【乃木坂mobile限定/非売品】,200,200,1,11:51,2024/09/21,https://page.auctions.yahoo.co.jp/jp/auction/s1151849305
き-040『雑誌グラビアラミネート加工』佐藤璃果・黒見明香・林瑠奈・松尾美佑・弓木奈於(乃木坂46)B5 4枚8Pヤングマガジン2021.1.5日号※15,101,101,1,08:07,2024/09/21,https://page.auctions.yahoo.co.jp/jp/auction/g1134585652
乃木坂46 佐藤璃果　真夏の全国ツアーcafe2024 アクリルコースター,2000,2000,1,21:40,2024/09/20,https://page.auctions.yahoo.co.jp/jp/auction/q1152005411
乃木坂46 36thシングル チートデイ会場限定 B2ポスター　佐藤璃果,300,300,1,09:33,2024/09/20,https://page.auctions.yahoo.co.jp/jp/auction/j1152012008
乃木坂46生写真 佐藤璃果 CHOOSE 5 PHOTOS 真夏の全国ツアー2021,30,30,1,22:51,2024/09/19,https://page.auctions.yahoo.co.jp/jp/auction/j1102408648
乃木坂46 生写真 佐藤璃果 乃木コレ スペシャル衣装40 R レア,300,299,1,19:17,2024/09/19,https://page.auctions.yahoo.co.jp/jp/auction/1145502401
B.L.T. 2024年9月号 乃木坂46 筒井あやめ・佐藤璃果・川﨑桜 ≒JOY 天野香乃愛 上坂樹里 岬なこ 籾山ひめり ポスター付 新品未読,500,500,1,00:57,2024/09/19,https://page.auctions.yahoo.co.jp/jp/auction/o1149903647
乃木坂46 佐藤璃果 生写真 2022.January-Ⅱ ステッチデザイン ヒキ 1枚,100,100,1,23:34,2024/09/18,https://page.auctions.yahoo.co.jp/jp/auction/l1133769015
乃木坂46 佐藤璃果 生写真 2020.June シアーブラウス セミコンプ 2枚 セット ヨリ チュウ,100,100,1,23:28,2024/09/18,https://page.auctions.yahoo.co.jp/jp/auction/e1134200406
【佐藤璃果】真夏の全国ツアー 「チートデイ」会場限定ポスター 乃木坂46,300,300,1,22:43,2024/09/18,https://page.auctions.yahoo.co.jp/jp/auction/r1152842335
乃木坂46 生写真 コンプ スペシャル衣装40 佐藤璃果,60,50,2,22:33,2024/09/18,https://page.auctions.yahoo.co.jp/jp/auction/e1152955717
乃木坂46 佐藤璃果　生写真　ポロニット②,300,100,6,20:27,2024/09/18,https://page.auctions.yahoo.co.jp/jp/auction/l1152911609
乃木坂46 佐藤璃果　生写真　ポロニット,165,100,4,20:27,2024/09/18,https://page.auctions.yahoo.co.jp/jp/auction/h1152917770
乃木坂46 佐藤璃果 2023 august 生写真 コンプ,410,10,17,22:41,2024/09/16,https://page.auctions.yahoo.co.jp/jp/auction/h1152150869
乃木坂46 生写真 2024.September-Ⅳ ポロニット コンプ 佐藤璃果 2,300,300,1,22:11,2024/09/16,https://page.auctions.yahoo.co.jp/jp/auction/s1152915704
乃木坂46 生写真 2024.September-Ⅳ ポロニット コンプ 佐藤璃果,300,300,1,22:11,2024/09/16,https://page.auctions.yahoo.co.jp/jp/auction/c1152904452
佐藤璃果 切り抜き 73ページ 乃木坂46,580,580,1,22:02,2024/09/16,https://page.auctions.yahoo.co.jp/jp/auction/p1151960114
★乃木坂46　生写真　佐藤璃果　全部、夢のまま　3種セット　コンプ,240,240,1,21:08,2024/09/16,https://page.auctions.yahoo.co.jp/jp/auction/l1103999788
★乃木坂46　生写真　佐藤璃果　2020 August　3種セット　コンプ,240,240,1,21:08,2024/09/16,https://page.auctions.yahoo.co.jp/jp/auction/s1103988835
12th year birthday live Anniversary 佐藤璃果 3種,100,100,1,20:32,2024/09/16,https://page.auctions.yahoo.co.jp/jp/auction/r1152370260
乃木坂46 佐藤璃果 フォトアルバム,1000,1000,1,22:32,2024/09/15,https://page.auctions.yahoo.co.jp/jp/auction/n1152174183
■ 乃木坂46 生写真 3枚 コンプ 佐藤璃果 真夏の全国ツアー 2024 special スペシャル コレクション,500,500,1,22:25,2024/09/15,https://page.auctions.yahoo.co.jp/jp/auction/g1152300309
【4個セット】一ノ瀬美空☆賀喜遥香☆佐藤璃果☆筒井あやめ☆缶バッジ☆乃木坂46真夏の全国ツアー2024,1200,1,19,20:58,2024/09/15,https://page.auctions.yahoo.co.jp/jp/auction/p1152445083
☆乃木坂46☆佐藤璃果 生写真☆2023. Valentine 他☆3コンプ＋バラ7枚☆送料無料,1000,1000,1,05:37,2024/09/15,https://page.auctions.yahoo.co.jp/jp/auction/j1125872415
【同梱可】中古品 アイドル 乃木坂46 田村真佑 佐藤璃果 他 生写真 60枚 真夏の全国ツアー2023 等 グッズセット,1101,500,19,23:35,2024/09/14,https://page.auctions.yahoo.co.jp/jp/auction/u1152606101
乃木坂46 佐藤璃果 生写真 バラモチーフ 3枚コンプ (品物説明文を全てお読み下さい),200,200,1,22:07,2024/09/14,https://page.auctions.yahoo.co.jp/jp/auction/c1152597457
乃木坂46　佐藤璃果　ポロニット　生写真　コンプ　自引き品,500,499,1,21:37,2024/09/14,https://page.auctions.yahoo.co.jp/jp/auction/m1152843412
乃木坂46佐藤璃果36th シングル「チートデイ」生写真4種4枚コンプ／同梱歓迎,300,300,1,21:12,2024/09/14,https://page.auctions.yahoo.co.jp/jp/auction/o1152545814
乃木坂46 佐藤璃果　2024年浴衣 2024.July‐Ⅱ 会場生写真　五種コンプ,300,300,1,20:29,2024/09/14,https://page.auctions.yahoo.co.jp/jp/auction/k1152329947
☆佐藤璃果☆ 乃木坂46 真夏の全国ツアー2024　個別ランダム缶バッジ　缶バッチ シークレット缶バッジ ランダム缶バッジ,150,150,1,23:49,2024/09/13,https://page.auctions.yahoo.co.jp/jp/auction/u1152068912
乃木坂46 佐藤璃果 アクリルキーホルダー 4期生グッズ ネーム,1100,1100,1,22:29,2024/09/13,https://page.auctions.yahoo.co.jp/jp/auction/q1140751039
ビルディバイド　乃木坂46 SC 佐藤璃果　サインカード、キラカードまとめ売り　同梱包可,7761,5000,8,22:04,2024/09/13,https://page.auctions.yahoo.co.jp/jp/auction/n1152253761
乃木坂46 生写真　思い出が止まらなくなる　柴田柚菜　冨里奈央　佐藤璃果　弓木奈於　奥田いろは　松尾美佑　阪口珠美　岡本姫奈など,510,500,2,21:46,2024/09/12,https://page.auctions.yahoo.co.jp/jp/auction/c1151896062
乃木坂46 生写真　真夏の全国ツアー2023TシャツA ver 早川聖来　弓木奈於　田村真佑　中村麗乃　佐藤璃果　柴田柚菜　阪口珠美など,500,500,1,21:40,2024/09/12,https://page.auctions.yahoo.co.jp/jp/auction/o1151907967
【同梱可】中古品 アイドル 乃木坂46 鈴木絢音 佐藤璃果 他 生写真 60枚 2016 July-IV 等 グッズセット,979,500,15,22:41,2024/09/11,https://page.auctions.yahoo.co.jp/jp/auction/h1152156027
乃木坂46 佐藤璃果 生写真 ビビッドパーカー 3枚コンプ (品物説明文を全てお読み下さい),100,100,1,22:07,2024/09/11,https://page.auctions.yahoo.co.jp/jp/auction/p1152316336
乃木坂46 真夏の全国ツアー2024 オーバーオール 佐藤璃果 ヨリ,20,20,1,21:46,2024/09/11,https://page.auctions.yahoo.co.jp/jp/auction/c1151834269
乃木坂46 真夏の全国ツアー2024 special 佐藤璃果 チュウ、ヒキ,40,30,2,21:44,2024/09/11,https://page.auctions.yahoo.co.jp/jp/auction/k1151837749
乃木坂46 真夏の全国ツアー2024 ギンガムチェック 佐藤璃果ヨリ、チュウ,161,50,5,21:21,2024/09/11,https://page.auctions.yahoo.co.jp/jp/auction/k1151836678
乃木坂46 真夏の全国ツアー2024 フリルTシャツ 佐藤璃果 ヨリ,110,20,5,21:12,2024/09/11,https://page.auctions.yahoo.co.jp/jp/auction/p1151848610
乃木坂46 真夏の全国ツアー2024 浴衣 佐藤璃果 3種,100,100,1,20:58,2024/09/11,https://page.auctions.yahoo.co.jp/jp/auction/k1151831801
乃木坂46 真夏の全国ツアー2024 special 佐藤璃果コンプ,330,100,8,20:10,2024/09/11,https://page.auctions.yahoo.co.jp/jp/auction/m1151819698
乃木坂46 佐藤璃果 生写真 さざ波は戻らない 3枚コンプ (品物説明文を全てお読み下さい),200,200,1,22:07,2024/09/10,https://page.auctions.yahoo.co.jp/jp/auction/j1151809077
AA612 筒井あやめ×佐藤璃果×松尾美佑×北川悠理（乃木坂46）◆切り抜き 6ページ 切抜き,310,90,10,21:28,2024/09/10,https://page.auctions.yahoo.co.jp/jp/auction/h1151996813
乃木坂46 佐藤璃果　2024年浴衣 2024.July‐Ⅱ 会場生写真　座りヨリ　座りヒキ,200,200,1,20:36,2024/09/10,https://page.auctions.yahoo.co.jp/jp/auction/m1151367623
乃木坂46 真夏の全国ツアー2024 オーバーオール 佐藤璃果コンプ,343,100,8,20:30,2024/09/10,https://page.auctions.yahoo.co.jp/jp/auction/w1151732627
乃木坂46 生写真　真夏の全国ツアー2024 6枚　佐藤璃果　佐藤楓　黒見明香　弓木奈於,100,100,1,18:03,2024/09/10,https://page.auctions.yahoo.co.jp/jp/auction/e1151817196
佐藤璃果 乃木坂46 真夏の全国ツアー2024 チートデイ B2 ポスター 会場限定 (検 生写真 コンプ,300,1,3,23:17,2024/09/09,https://page.auctions.yahoo.co.jp/jp/auction/p1151859056
乃木坂46　佐藤璃果　切り抜き　4ページ　送料無料,250,250,1,19:43,2024/09/09,https://page.auctions.yahoo.co.jp/jp/auction/h1146474479
【同梱可】中古品 アイドル 乃木坂46 佐藤璃果他 メモリアルケース キーホルダー クリアファイル 雑誌 缶バッジ等グ,5115,500,32,22:55,2024/09/08,https://page.auctions.yahoo.co.jp/jp/auction/c1151767171
乃木坂46 佐藤璃果 生写真 36th 封入 『チートデイ』 バラ 2枚セット,60,50,2,22:40,2024/09/08,https://page.auctions.yahoo.co.jp/jp/auction/c1151380254
乃木坂46〈佐藤璃果〉【ギンガムチェック】 コンプ _ 真夏の全国ツアー2024 愛知 会場 生写真,101,30,3,22:40,2024/09/08,https://page.auctions.yahoo.co.jp/jp/auction/n1150352122
折 乃木坂46〈佐藤璃果〉【真夏の全国ツアー2024Tシャツ 東京ver.】コンプ _ 生写真 《同時期販売 Special リボンコーデ フリルTシャツ,370,30,18,22:24,2024/09/08,https://page.auctions.yahoo.co.jp/jp/auction/d1151781486
乃木坂46〈佐藤璃果〉【フリルTシャツ】コンプ _ 真夏の全国ツアー2024 会場 生写真 《同時期販売 Tシャツ東京ver. Special リボンコーデ,660,30,15,22:16,2024/09/08,https://page.auctions.yahoo.co.jp/jp/auction/v1151787523
乃木坂46〈佐藤璃果〉【リボンコーデ】コンプ _ 真夏の全国ツアー2024 会場 生写真 《同時期販売 Tシャツ東京ver. Special フリルTシャツ,610,30,14,22:03,2024/09/08,https://page.auctions.yahoo.co.jp/jp/auction/1151773657
乃木坂46 佐藤璃果 生写真 真夏の全国ツアー2024 東京 ライブT リボンコーデ 6種コンプ,1000,1000,1,19:39,2024/09/08,https://page.auctions.yahoo.co.jp/jp/auction/h1151656104
乃木坂46 Web 2024年 ７月度 ランダム生写真 佐藤璃果 『 2024.July 12thBDライブ衣装 』 チュウヒキ,500,500,1,19:08,2024/09/08,https://page.auctions.yahoo.co.jp/jp/auction/n1151649927
【特典】個別スクエア缶バッジ 東京ver.　真夏の全国ツアー２０２４ 佐藤璃果,50,30,3,09:50,2024/09/08,https://page.auctions.yahoo.co.jp/jp/auction/e1151071750
乃木坂46 佐藤璃果 生写真 12thBDライブ衣装 3枚コンプセット(品物説明文を必ず最後まで、お読み下さい),310,100,9,22:12,2024/09/07,https://page.auctions.yahoo.co.jp/jp/auction/g1151815899
乃木坂46 佐藤璃果 生写真 届かなくたって・・・ 3枚コンプ (品物説明文を全てお読み下さい),100,100,1,22:07,2024/09/07,https://page.auctions.yahoo.co.jp/jp/auction/h1151820946
乃木坂46 36thシングル チートデイ会場限定 B2ポスター　佐藤璃果,300,300,1,21:19,2024/09/07,https://page.auctions.yahoo.co.jp/jp/auction/m1150682445
乃木坂46 佐藤璃果　2024年浴衣 2024.July‐Ⅱ 会場生写真　三種コンプ,310,200,4,21:17,2024/09/07,https://page.auctions.yahoo.co.jp/jp/auction/e1149579285
乃木坂46　佐藤璃果　生写真　12th BD ライブ衣装　コンプ,600,599,1,15:54,2024/09/05,https://page.auctions.yahoo.co.jp/jp/auction/j1151591666
乃木坂46 佐藤璃果,108,20,5,23:50,2024/09/04,https://page.auctions.yahoo.co.jp/jp/auction/e1150487819
佐藤璃果 グラビア写真 Ｌ2,200,200,1,22:01,2024/09/03,https://page.auctions.yahoo.co.jp/jp/auction/m1149490913
AA529 坂道研修生 15名全員集合（佐藤璃果 守屋麗奈 幸阪茉里乃 増本綺良 遠藤光莉 松岡愛美 他）◆冊子 8ページ 切り抜き 切抜き 乃木坂46,120,120,1,21:21,2024/09/03,https://page.auctions.yahoo.co.jp/jp/auction/n1150924073
「月刊エンタメ 2020/9・10合併号」賀喜遥香 林瑠奈 水湊みお 井上梨名 安部若菜 森香穂 菊地姫奈 久保史緒里 佐藤璃果 向井葉月 田村真佑,560,560,1,22:25,2024/09/02,https://page.auctions.yahoo.co.jp/jp/auction/c1150692772
乃木坂46 佐藤璃果 会場生写真 35th SG UNDER LIVE ニットビスチェ 3枚コンプ (品物説明文を必ず全てお読み下さい),200,200,1,22:07,2024/09/02,https://page.auctions.yahoo.co.jp/jp/auction/v1151002925
乃木坂46 佐藤璃果 生写真 36th 封入 『チートデイ』 4種 コンプ,280,280,1,22:49,2024/09/01,https://page.auctions.yahoo.co.jp/jp/auction/k1150678240
佐藤璃果 生写真 ごめんねFingers crossed コンプ,400,400,1,21:17,2024/09/01,https://page.auctions.yahoo.co.jp/jp/auction/x1003695032
佐藤璃果 生写真 僕は僕を好きになる コンプ,500,500,1,21:13,2024/09/01,https://page.auctions.yahoo.co.jp/jp/auction/j1003696542
乃木坂46佐藤璃果36th シングル「チートデイ」生写真4種4枚コンプ／同梱歓迎,250,250,1,18:08,2024/09/01,https://page.auctions.yahoo.co.jp/jp/auction/1150778097
佐藤璃果 生写真 真夏の全国ツアー2024愛知Tシャツ コンプ 乃木坂46 バンテリンドームナゴヤ 会場販売 【硬質ケース発送】 ライブT 全ツ,300,300,1,08:39,2024/09/01,https://page.auctions.yahoo.co.jp/jp/auction/v1150242357
乃木坂46 佐藤璃果 HappyNewYear!2021 干支 丑 生写真 コンプ N4716,300,300,1,21:41,2024/08/31,https://page.auctions.yahoo.co.jp/jp/auction/s1114976338
AA481 佐藤璃果×弓木奈於×林瑠奈（乃木坂46）◆切り抜き 16ページ 切抜き,190,190,1,21:08,2024/08/31,https://page.auctions.yahoo.co.jp/jp/auction/u1150741726
佐藤璃果 ヒキ 君に叱られた 生写真 乃木坂46,20,20,1,20:00,2024/08/31,https://page.auctions.yahoo.co.jp/jp/auction/f1122837074
乃木坂46★佐藤璃果★36th シングル チートデイ★初回盤 限定 封入 特典 生写真 4種 4枚 コンプ★フルコンプ★公式写真,280,280,1,08:59,2024/08/31,https://page.auctions.yahoo.co.jp/jp/auction/b1150479471
乃木坂46生写真 佐藤璃果 2023 August スペシャル衣装38,90,90,1,22:44,2024/08/30,https://page.auctions.yahoo.co.jp/jp/auction/1144670315
乃木坂46 佐藤璃果　生写真　真夏の全国ツアー2024愛知Tシャツ/ギンガムチェック,670,100,19,20:29,2024/08/30,https://page.auctions.yahoo.co.jp/jp/auction/q1150335574
未使用 佐藤璃果 ノースリーブ Platinum FLASH QUO クオ クオカード,1000,1000,1,19:52,2024/08/30,https://page.auctions.yahoo.co.jp/jp/auction/p1150686806
佐藤璃果　乃木坂46 [アクリルキーホルダー] 真夏の全国ツアー2024　CAFE ランダム,430,1,10,22:47,2024/08/29,https://page.auctions.yahoo.co.jp/jp/auction/b1149750297
乃木坂46 36thシングル チートデイ会場限定 B2ポスター　佐藤璃果,400,400,1,22:35,2024/08/29,https://page.auctions.yahoo.co.jp/jp/auction/c1150369987
乃木坂46 佐藤璃果 生写真 ルーズソックス 3枚コンプセット(品物説明文を必ず最後まで、お読み下さい),70,50,3,22:22,2024/08/29,https://page.auctions.yahoo.co.jp/jp/auction/c1150532733
乃木坂46 佐藤璃果 生写真 Monopoly 3枚コンプ (品物説明文を全てお読み下さい),70,50,3,22:22,2024/08/29,https://page.auctions.yahoo.co.jp/jp/auction/e1149626961
乃木坂46 生写真 佐藤璃果コンプ ギンガムチェック 真夏の全国ツアー2024 Tシャツ 愛知ver. 6種,790,100,17,22:07,2024/08/29,https://page.auctions.yahoo.co.jp/jp/auction/g1150244017
乃木坂46 佐藤璃果　生写真　真夏の全国ツアー2024愛知Tシャツ,232,100,6,20:33,2024/08/29,https://page.auctions.yahoo.co.jp/jp/auction/e1150246422
乃木坂46佐藤璃果36th シングル「チートデイ」生写真4種4枚コンプ／同梱歓迎,250,250,1,20:11,2024/08/29,https://page.auctions.yahoo.co.jp/jp/auction/u1150382558
佐藤璃果 乃木坂46 チートデイ コンプ 4種 封入生写真 (検 君はハニーデュー 日向坂46 櫻坂46 絶対的第六感 自業自得 チャンスは平等,300,300,1,23:53,2024/08/28,https://page.auctions.yahoo.co.jp/jp/auction/j1150342554
【同梱可】未開封 アイドル 乃木坂46 林瑠奈 佐藤璃果 TシャツサイズL ベースボールシャツサイズXL ブランケット フ,5608,500,14,22:54,2024/08/28,https://page.auctions.yahoo.co.jp/jp/auction/d1150239883
乃木坂46 佐藤璃果【ランダムアクリルキーホルダー】真夏の全国ツアー2024 CAFE & TRAVEL BUS,800,800,1,22:17,2024/08/28,https://page.auctions.yahoo.co.jp/jp/auction/x1150375802
★セブンイレブン限定　乃木坂46ビジュアルブロマイド C賞：川崎桜、久保史緒里、黒見明香、阪口珠美、佐藤楓、佐藤璃果、柴田柚菜,200,200,1,22:47,2024/08/27,https://page.auctions.yahoo.co.jp/jp/auction/j1116359382
乃木坂46 佐藤璃果 生写真 36th 封入 『チートデイ』 4種 コンプ,380,380,1,21:08,2024/08/27,https://page.auctions.yahoo.co.jp/jp/auction/u1149607297
乃木坂46〈佐藤璃果〉【B2ソロポスター】36th チートデイ _ 真夏の全国ツアー2024 愛知 会場 CD 特典,600,600,1,14:15,2024/08/27,https://page.auctions.yahoo.co.jp/jp/auction/r1150222898
乃木坂46 36thシングル スペシャル抽選応募券4枚&封入写真(田村真佑/林瑠奈/梅澤美波/佐藤璃果)4枚&限定ポストカードセット,5000,100,23,11:04,2024/08/27,https://page.auctions.yahoo.co.jp/jp/auction/p1149387033
"乃木坂46「チートデイ」 通常盤 CD1枚 [新品未開封] 賀喜遥香,一ノ瀬美空,弓木奈於,伊藤理々杏,黒見明香,佐藤璃果,池田瑛紗,小川彩",300,300,1,07:31,2024/08/27,https://page.auctions.yahoo.co.jp/jp/auction/c1150237203
乃木坂46★佐藤璃果★35th シングル チャンスは平等★初回盤 限定 封入 特典 生写真 2種 2枚 セット★公式写真,70,70,1,00:22,2024/08/27,https://page.auctions.yahoo.co.jp/jp/auction/o1139399461
乃木坂46★佐藤璃果★30th シングル　好きというのはロックだぜ!★初回盤 限定 封入 特典 生写真 3種 3枚 セミコンプ★公式写真,330,330,1,00:20,2024/08/27,https://page.auctions.yahoo.co.jp/jp/auction/p1074303515
乃木坂46★佐藤璃果★36th シングル チートデイ★初回盤 限定 封入 特典 生写真 4種 4枚 コンプ★フルコンプ★公式写真,280,280,1,00:18,2024/08/27,https://page.auctions.yahoo.co.jp/jp/auction/k1150087847
乃木坂46 佐藤璃果 チートデイ TypeD 初回盤 封入特典 生写真 金川,80,80,1,23:50,2024/08/26,https://page.auctions.yahoo.co.jp/jp/auction/n1149972899
乃木坂46 佐藤璃果 チートデイ TypeC 初回盤 封入特典 生写真 金川,80,80,1,23:50,2024/08/26,https://page.auctions.yahoo.co.jp/jp/auction/v1149993878
佐藤璃果 乃木坂46 チートデイ コンプ 4種 封入生写真 (検 君はハニーデュー 日向坂46 櫻坂46 絶対的第六感 自業自得 チャンスは平等,300,300,1,23:48,2024/08/26,https://page.auctions.yahoo.co.jp/jp/auction/1149870647
乃木坂46 佐藤璃果 チートデイ 4種 4枚セット コンプ 初回盤 封入特典 生写真,300,300,2,23:48,2024/08/26,https://page.auctions.yahoo.co.jp/jp/auction/q1149984547
★乃木坂46　真夏の全国ツアー2024　ライブTシャツ　大阪　佐藤璃果　生写真　全身,80,80,1,22:38,2024/08/26,https://page.auctions.yahoo.co.jp/jp/auction/c1149603362
★乃木坂46　真夏の全国ツアー2024　ライブTシャツ　大阪　佐藤璃果　生写真　アップ,110,80,3,22:38,2024/08/26,https://page.auctions.yahoo.co.jp/jp/auction/e1149606395
乃木坂46 アンダーライブ ニットビスチェ 30枚まとめ売り 小川彩 金川紗耶 柴田柚菜 佐藤璃果 林瑠奈 などあり その他もあり,780,1,19,21:05,2024/08/26,https://page.auctions.yahoo.co.jp/jp/auction/c1149826105
"乃木坂46「チートデイ」 通常盤 CD1枚 [新品未開封] 賀喜遥香,一ノ瀬美空,弓木奈於,伊藤理々杏,黒見明香,佐藤璃果,池田瑛紗,小川彩",300,300,1,19:05,2024/08/26,https://page.auctions.yahoo.co.jp/jp/auction/q1149892874
乃木坂46「チートデイ」 封入 特典 生写真 9種セット（佐藤璃果・柴田柚菜・岡本姫奈・矢久保美緒・黒見明香・林瑠奈2種・向井葉月2種）,300,300,1,04:25,2024/08/26,https://page.auctions.yahoo.co.jp/jp/auction/p1149590782
乃木坂46　生写真　佐藤璃果　ヨリ　36thシングル封入　『チートデイ』,100,100,1,23:44,2024/08/25,https://page.auctions.yahoo.co.jp/jp/auction/p1149956308
乃木坂46　佐藤璃果　まとめ　6枚,100,100,1,21:35,2024/08/25,https://page.auctions.yahoo.co.jp/jp/auction/d1148691951
【 佐藤璃果 ヨリ 】乃木坂46 2024 干支 生写真,20,20,1,13:48,2024/08/25,https://page.auctions.yahoo.co.jp/jp/auction/l1127948416
乃木坂46「チートデイ」 封入 特典 生写真 9種セット（黒見明香・佐藤楓・金川紗耶・弓木奈於・佐藤璃果・松尾美佑2種・岡本姫奈2種）,300,300,1,07:01,2024/08/25,https://page.auctions.yahoo.co.jp/jp/auction/v1149606152
乃木坂46★佐藤璃果★36th シングル チートデイ★初回盤 限定 封入 特典 生写真 4種 4枚 コンプ★フルコンプ★公式写真,200,190,1,00:09,2024/08/25,https://page.auctions.yahoo.co.jp/jp/auction/l1149611865
乃木坂46　佐藤璃果　生写真　レモンイエロー　2024.May-Ⅱ ヨリ　京都リアルミーグリ　会場限定,50,40,2,22:43,2024/08/24,https://page.auctions.yahoo.co.jp/jp/auction/m1149588796
乃木坂46　CHOOSE 5 PHOTOS! 真夏の全国ツアー2021 LIVE PHOTO Ver. No.187　生写真　高山一実　筒井あやめ　佐藤璃果,300,300,1,22:39,2024/08/24,https://page.auctions.yahoo.co.jp/jp/auction/m1047837062
乃木坂46　佐藤璃果　生写真　オーバーオール　2024.July-Ⅲ ヨリ　真夏の全国ツアー2024 大阪,40,40,1,22:34,2024/08/24,https://page.auctions.yahoo.co.jp/jp/auction/l1149159358
乃木坂46 生写真 佐藤璃果 思い出が止まらなくなる コンプ,100,100,1,21:32,2024/08/24,https://page.auctions.yahoo.co.jp/jp/auction/g1146457026
乃木坂46 佐藤璃果,309,30,7,23:56,2024/08/23,https://page.auctions.yahoo.co.jp/jp/auction/q1149321587
佐藤璃果 乃木坂46 チートデイ コンプ 4種 封入生写真 (検 君はハニーデュー 日向坂46 櫻坂46 絶対的第六感 自業自得 チャンスは平等,300,300,2,23:20,2024/08/23,https://page.auctions.yahoo.co.jp/jp/auction/x1149743923
乃木坂46 のぎBOX Flower garden モバカ 佐藤璃果 クリアカード,10,10,1,23:10,2024/08/23,https://page.auctions.yahoo.co.jp/jp/auction/t1149449609
"乃木坂46「チートデイ」 通常盤 CD1枚 [新品未開封] 賀喜遥香,一ノ瀬美空,弓木奈於,伊藤理々杏,黒見明香,佐藤璃果,池田瑛紗,小川彩",300,300,1,22:22,2024/08/23,https://page.auctions.yahoo.co.jp/jp/auction/1149813214
B.L.T. 2024年9月号 乃木坂46 筒井あやめ・佐藤璃果・川﨑桜 ≒JOY 天野香乃愛 上坂樹里 岬なこ 籾山ひめり ポスター付 新品未読,450,450,1,21:54,2024/08/23,https://page.auctions.yahoo.co.jp/jp/auction/r1149737451
佐藤璃果 乃木坂46 チートデイ コンプ 4種 封入生写真 (検 君はハニーデュー 日向坂46 櫻坂46 絶対的第六感 自業自得 チャンスは平等,300,300,1,22:48,2024/08/22,https://page.auctions.yahoo.co.jp/jp/auction/k1149639260
B.L.T. 2024年9月号 乃木坂46 筒井あやめ・佐藤璃果・川﨑桜 ≒JOY 天野香乃愛 上坂樹里 岬なこ 籾山ひめり ポスター付 新品未読,450,450,1,21:56,2024/08/22,https://page.auctions.yahoo.co.jp/jp/auction/b1148362781
佐藤璃果 乃木坂46 チートデイ コンプ 4種 封入生写真 (検 君はハニーデュー 日向坂46 櫻坂46 絶対的第六感 自業自得 チャンスは平等,300,300,1,09:33,2024/08/22,https://page.auctions.yahoo.co.jp/jp/auction/l1149493851
佐藤璃果　乃木坂46 [アクリルキーホルダー+アクリルコースター] 真夏の全国ツアー2024　CAFE ランダム　2種コンプ,3000,1,23,22:30,2024/08/21,https://page.auctions.yahoo.co.jp/jp/auction/b1143410839
乃木坂46　佐藤璃果　生写真　チャンスは平等　ヒキ１枚,150,150,1,20:06,2024/08/21,https://page.auctions.yahoo.co.jp/jp/auction/p1143920741
乃木坂46　佐藤璃果　生写真　スペシャル衣装41　チュウ ヒキ,200,200,1,20:06,2024/08/21,https://page.auctions.yahoo.co.jp/jp/auction/o1148162225
佐藤璃果 乃木坂46 チートデイ コンプ 4種 封入生写真 (検 君はハニーデュー 日向坂46 櫻坂46 絶対的第六感 自業自得 チャンスは平等,480,480,2,08:39,2024/08/21,https://page.auctions.yahoo.co.jp/jp/auction/p1149440491
乃木坂46　佐藤璃果　Webshop限定　2024年6月度生写真　35th制服　ヨリ・ヒキ,300,300,1,02:06,2024/08/21,https://page.auctions.yahoo.co.jp/jp/auction/q1148072315
佐藤璃果　乃木坂46 [アクリルキーホルダー] 真夏の全国ツアー2024　CAFE ランダム,550,1,17,22:37,2024/08/20,https://page.auctions.yahoo.co.jp/jp/auction/h1148657000
佐藤璃果　乃木坂46 [バラモチーフ] ランダム生写真　3種コンプ,330,1,10,22:24,2024/08/20,https://page.auctions.yahoo.co.jp/jp/auction/f1148529544
乃木坂46 生写真 佐藤璃果 おひとりさま天国 コンプ,150,150,1,21:53,2024/08/19,https://page.auctions.yahoo.co.jp/jp/auction/r1146450529
乃木坂46 佐藤璃果,10,10,1,23:04,2024/08/17,https://page.auctions.yahoo.co.jp/jp/auction/r1148619859
乃木坂46　4期生　生写真　まとめ売り　87枚　遠藤さくら 筒井あやめ 金川紗耶 弓木奈於 柴田柚菜 林瑠奈 佐藤璃果 松尾美佑 黒見明香etc,1000,1000,1,22:30,2024/08/17,https://page.auctions.yahoo.co.jp/jp/auction/h1148678605
乃木坂46 Web 2024年 ６月度 ランダム生写真 佐藤璃果 『 2024.June スペシャル衣装41 』 コンプ,579,579,1,22:08,2024/08/17,https://page.auctions.yahoo.co.jp/jp/auction/k1148295716
乃木坂46 佐藤璃果 生写真 スペシャル衣装39 3枚コンプ (品物説明文を全てお読み下さい),150,150,1,22:08,2024/08/17,https://page.auctions.yahoo.co.jp/jp/auction/p1148359649
乃木坂46 乃木コレ スペシャル衣装40生写真 佐藤璃果,140,10,8,21:41,2024/08/17,https://page.auctions.yahoo.co.jp/jp/auction/w1148453134
乃木坂46 生写真 佐藤璃果 山下美月卒業コンサートTシャツ チュウ,200,200,1,21:32,2024/08/17,https://page.auctions.yahoo.co.jp/jp/auction/b1142745864
週刊ヤングマガジン2021 No.02_03 齋藤飛鳥 寺田蘭世 佐藤楓 金川紗耶 林瑠奈 佐藤璃果 黒見明香 弓木奈於 松尾美佑,230,230,1,21:20,2024/08/17,https://page.auctions.yahoo.co.jp/jp/auction/b1005341245
乃木坂46 佐藤璃果 真夏の全国ツアー Cafe カフェ アクリルコースター N6186,500,500,1,17:56,2024/08/17,https://page.auctions.yahoo.co.jp/jp/auction/h1132740183
乃木坂46 佐藤璃果 2023 july 生写真 コンプ,280,10,22,22:55,2024/08/16,https://page.auctions.yahoo.co.jp/jp/auction/u1148229776
乃木坂46 佐藤璃果 2023 september 生写真 コンプ,280,10,7,22:36,2024/08/16,https://page.auctions.yahoo.co.jp/jp/auction/g1148215635
乃木坂46　佐藤璃果　真夏の全国ツアー2022　個別缶バッジ　【2個セット】,590,500,6,22:00,2024/08/16,https://page.auctions.yahoo.co.jp/jp/auction/e1135895506
乃木坂46　佐藤璃果　生写真　35th制服　コンプ,499,499,1,21:01,2024/08/16,https://page.auctions.yahoo.co.jp/jp/auction/1148323314
乃木坂46 【佐藤璃果】 真夏の全国ツアー2024 浴衣 生写真 ３種コンプ 会場限定 大阪,680,680,1,12:50,2024/08/16,https://page.auctions.yahoo.co.jp/jp/auction/v1145310353
02 乃木坂46 佐藤璃果 生写真 (紅白2021衣装2) SR 4種セット Webshop限定 乃木コレ 2022.March-,638,580,1,22:28,2024/08/15,https://page.auctions.yahoo.co.jp/jp/auction/s1063839651
【同梱可】中古品 アイドル 乃木坂46 佐藤璃果 中西アルノ 冨里奈央 他 生写真 70枚 グッズセット,2145,500,5,22:03,2024/08/15,https://page.auctions.yahoo.co.jp/jp/auction/j1148560633
乃木坂46 佐藤璃果 Mobile 10th YEAR BIRTHDAY スタジアムでゴールを決めろ！〜10年の気持ちをつなぐパス〜 個別カード 1枚 検) 会場 限定,100,100,1,14:58,2024/08/15,https://page.auctions.yahoo.co.jp/jp/auction/h1125405429
乃木坂46 佐藤璃果 11th YEAR BIRTHDAY LIVE 個別フォトカード 1枚 検) 会場 限定 自撮り セルカ グッズ購入特典,100,100,1,14:58,2024/08/15,https://page.auctions.yahoo.co.jp/jp/auction/s1120790219
乃木坂46 佐藤璃果 生写真 バラモチーフ 3枚コンプ (品物説明文を全てお読み下さい),200,200,1,22:07,2024/08/14,https://page.auctions.yahoo.co.jp/jp/auction/v1148573849
【特典】個別スクエア缶バッジ 愛知ver.　真夏の全国ツアー２０２４ 佐藤璃果,1,1,1,10:45,2024/08/14,https://page.auctions.yahoo.co.jp/jp/auction/e1148351163
乃木坂46 一ノ瀬美空 佐藤璃果 12周年記念 12th YEAR BIRTHDAY LIVE 生写真 ②,110,10,6,00:18,2024/08/13,https://page.auctions.yahoo.co.jp/jp/auction/l1147718814
乃木坂46 一ノ瀬美空 佐藤璃果 12周年記念 12th YEAR BIRTHDAY LIVE 生写真,110,10,6,00:17,2024/08/13,https://page.auctions.yahoo.co.jp/jp/auction/w1147711679
乃木坂46 松尾美佑 佐藤璃果 12周年記念 12th YEAR BIRTHDAY LIVE 生写真,50,10,4,00:06,2024/08/13,https://page.auctions.yahoo.co.jp/jp/auction/r1147687748
乃木坂46 松尾美佑 佐藤璃果 12周年記念 12th YEAR BIRTHDAY LIVE 生写真 ②,100,10,5,23:57,2024/08/12,https://page.auctions.yahoo.co.jp/jp/auction/m1147701232
乃木坂46 佐藤璃果 生写真 タータンチェック 3枚コンプ (品物説明文を全てお読み下さい),100,100,1,22:07,2024/08/12,https://page.auctions.yahoo.co.jp/jp/auction/m1148358738
乃木坂46 佐藤璃果 生写真 35th制服 3枚コンプセット(品物説明文を必ず最後まで、お読み下さい),290,200,6,22:07,2024/08/12,https://page.auctions.yahoo.co.jp/jp/auction/b1148380600
佐藤璃果 生写真 35th制服 コンプ 乃木坂46 WebShop 限定 2024.June-Ⅱ 【硬質ケース発送】,400,400,1,05:22,2024/08/12,https://page.auctions.yahoo.co.jp/jp/auction/c1148239382
佐藤璃果 生写真 スペシャル衣装41 コンプ 乃木坂46 WebShop 限定 2024.June 【硬質ケース発送】,300,300,1,05:22,2024/08/12,https://page.auctions.yahoo.co.jp/jp/auction/u1148270314
佐藤璃果　乃木坂46 [34th制服+デニムジャケット] ランダム生写真　6種コンプ,650,1,20,00:17,2024/08/12,https://page.auctions.yahoo.co.jp/jp/auction/l1136822898
佐藤璃果　乃木坂46 [バラモチーフ] ランダム生写真　3種コンプ,551,1,20,23:48,2024/08/11,https://page.auctions.yahoo.co.jp/jp/auction/o1147459278
乃木坂46 生写真　スペシャル衣装41 岡本姫奈　金川紗耶　佐藤璃果　弓木奈於　阪口珠美　中村麗乃　林瑠奈　奥田いろは　伊藤理々杏など,500,500,1,21:39,2024/08/11,https://page.auctions.yahoo.co.jp/jp/auction/x1147972588
ポストカード 佐藤璃果 （乃木坂46）　B.L.T.2024年9月号　セブンネット限定特典,580,580,1,21:33,2024/08/11,https://page.auctions.yahoo.co.jp/jp/auction/m1146921862
乃木坂46　佐藤璃果　生写真　35th制服　コンプ,500,499,1,21:01,2024/08/11,https://page.auctions.yahoo.co.jp/jp/auction/h1148170963
乃木坂46 佐藤璃果 チャンスメール　生写真,1000,1000,1,20:54,2024/08/11,https://page.auctions.yahoo.co.jp/jp/auction/m1144239206
B.L.T. BLT 2024年9月号 付録有 応募券無 個数7 筒井あやめ 乃木坂46 川﨑桜 佐藤璃果 ≒JOY 上坂樹里 岬なこ Liella! AKB48 佐藤綺星,430,300,26,20:36,2024/08/11,https://page.auctions.yahoo.co.jp/jp/auction/e1147387783
難あり B.L.T. BLT 2024年9月号 付録有 応募券無 筒井あやめ 乃木坂46 川﨑桜 佐藤璃果 ≒JOY 上坂樹里 岬なこ Liella! AKB48 佐藤綺星,450,200,18,20:18,2024/08/11,https://page.auctions.yahoo.co.jp/jp/auction/j1147387633
乃木坂46〈佐藤璃果〉【カーゴパンツ】チュウ _ 生写真 山下美月 卒業コンサート グッズ事前販売,20,20,1,22:58,2024/08/10,https://page.auctions.yahoo.co.jp/jp/auction/r1147414149
乃木坂46〈佐藤璃果〉【オーバーオール】ヨリ _ 真夏の全国ツアー2024 大阪 生写真,20,20,1,22:56,2024/08/10,https://page.auctions.yahoo.co.jp/jp/auction/b1146357385
乃木坂46〈佐藤璃果〉【バラモチーフ】チュウ _ WEB 生写真,30,20,2,22:53,2024/08/10,https://page.auctions.yahoo.co.jp/jp/auction/n1144740961
乃木坂46〈佐藤璃果〉【真夏の全国ツアー2024 Tシャツ 大阪ver.】ヒキ _ 全ツ 生写真,20,20,1,22:53,2024/08/10,https://page.auctions.yahoo.co.jp/jp/auction/b1146358331
乃木坂46〈佐藤璃果〉【バラモチーフ】ヨリ _ WEB 生写真,40,20,3,22:51,2024/08/10,https://page.auctions.yahoo.co.jp/jp/auction/u1144761394
乃木坂46〈佐藤璃果〉【浴衣】5種 コンプ _ 真夏の全国ツアー2024 生写真,1100,50,50,22:51,2024/08/10,https://page.auctions.yahoo.co.jp/jp/auction/g1145860561
乃木坂46〈佐藤璃果〉【ネクタイ付きシャツ】ヨリ _ 12th YEAR BIRTHDAY LIVE 会場 生写真,20,20,1,22:39,2024/08/10,https://page.auctions.yahoo.co.jp/jp/auction/f1147681442
乃木坂46〈佐藤璃果〉【レモンイエロー】ヒキ _ 35th チャンスは平等 リアルミーグリ 京都 会場 生写真,20,20,1,22:32,2024/08/10,https://page.auctions.yahoo.co.jp/jp/auction/c1147428285
乃木坂46 35th チャンスは平等 生写真　佐藤璃果 / 3枚,150,100,5,22:10,2024/08/10,https://page.auctions.yahoo.co.jp/jp/auction/q1147427996
乃木坂46〈佐藤璃果〉【山下美月 卒業コンサートTシャツ】ヒキ _ 生写真,60,20,4,22:07,2024/08/10,https://page.auctions.yahoo.co.jp/jp/auction/h1147443974
B.L.T. 2024年9月号 乃木坂46 筒井あやめ・佐藤璃果・川﨑桜 ≒JOY 天野香乃愛 上坂樹里 岬なこ 籾山ひめり ポスター付 新品未読,450,450,1,22:06,2024/08/10,https://page.auctions.yahoo.co.jp/jp/auction/t1147448219
佐藤璃果　乃木坂46　ポストカード　セブンネット特典,609,300,6,21:49,2024/08/10,https://page.auctions.yahoo.co.jp/jp/auction/q1147354125
乃木坂46 佐藤璃果　チャンスは平等　web生写真 ヒキ　自引,100,100,1,21:23,2024/08/10,https://page.auctions.yahoo.co.jp/jp/auction/g1147774703
乃木坂46 佐藤璃果他　チャンスは平等　web生写真 14枚セット,100,100,1,20:01,2024/08/10,https://page.auctions.yahoo.co.jp/jp/auction/j1147771929
乃木坂46 佐藤璃果 生写真 2024.June-Ⅱ 35th制服 チュウ,150,150,1,18:22,2024/08/10,https://page.auctions.yahoo.co.jp/jp/auction/o1148125133
乃木坂46　佐藤璃果　個別マフラータオル2020　真夏のドリームくじ　メンバーデザイン　未開封,500,500,1,13:24,2024/08/10,https://page.auctions.yahoo.co.jp/jp/auction/c1141038002
乃木坂46　佐藤璃果　生写真　35th制服　コンプ,500,499,1,03:06,2024/08/10,https://page.auctions.yahoo.co.jp/jp/auction/o1148134995
1円〜 訳あり 乃木坂46 等 生写真 佐藤 璃果 松尾 美佑 中西 アルノ 他,11000,1,25,22:07,2024/08/09,https://page.auctions.yahoo.co.jp/jp/auction/n1147820186
乃木坂46　佐藤璃果　Webshop限定　2024年6月度生写真　35th制服　ヒキ,100,100,1,21:55,2024/08/09,https://page.auctions.yahoo.co.jp/jp/auction/b1148077382
乃木坂46　佐藤璃果　生写真　35th制服　コンプ,500,499,1,19:35,2024/08/09,https://page.auctions.yahoo.co.jp/jp/auction/g1148118813
乃木坂46　佐藤璃果　生写真　35th制服　コンプ,500,499,1,15:59,2024/08/09,https://page.auctions.yahoo.co.jp/jp/auction/n1148073709
乃木坂46　佐藤璃果　生写真　スペシャル衣装41　コンプ,600,599,1,15:57,2024/08/09,https://page.auctions.yahoo.co.jp/jp/auction/d1147854920
B.L.T. 2024年9月号 セブネット限定ポストカード付属（川﨑桜）　筒井あやめ 乃木坂46　応募券無し 佐藤璃果 ≒JOY 　BLT,470,150,9,22:29,2024/08/08,https://page.auctions.yahoo.co.jp/jp/auction/s1147397003
乃木坂46 Web 2024年 ６月度 ランダム生写真 佐藤璃果 『 2024.June スペシャル衣装41 』 ヨリ,200,200,1,15:59,2024/08/08,https://page.auctions.yahoo.co.jp/jp/auction/g1147874534
乃木坂46 Web 2024年 ６月度 ランダム生写真 佐藤璃果 『 2024.June スペシャル衣装41 』 コンプ,580,580,1,21:21,2024/08/07,https://page.auctions.yahoo.co.jp/jp/auction/h1147821241
乃木坂46 佐藤璃果 個別 アクリルキーホルダー 4期生グッズ,1200,1200,1,19:06,2024/08/07,https://page.auctions.yahoo.co.jp/jp/auction/k1140751278
乃木坂46 佐藤璃果 生写真 プリーツ 3枚コンプ (品物説明文を必ず全てお読み下さい),200,200,1,22:08,2024/08/06,https://page.auctions.yahoo.co.jp/jp/auction/c1138711737
乃木坂46 佐藤璃果 生写真 ノースリーブニット 3枚コンプ (品物説明文を必ず全てお読み下さい),300,300,1,22:07,2024/08/06,https://page.auctions.yahoo.co.jp/jp/auction/n1147349453
乃木坂46 佐藤璃果 会場生写真 46時間TV Tシャツ 3枚コンプ (品物説明文を必ず全てお読み下さい),300,300,1,22:07,2024/08/06,https://page.auctions.yahoo.co.jp/jp/auction/s1135485862
乃木坂46 佐藤璃果 生写真 キュロット 3枚コンプ (品物説明文を必ず全てお読み下さい),300,300,1,22:07,2024/08/06,https://page.auctions.yahoo.co.jp/jp/auction/s1147359352
【応募券】B.L.T. 2024年9月号 乃木坂46 筒井あやめ 佐藤璃果 川﨑桜 ≒JOY 天野香乃愛 上坂樹里 岬なこ 直筆サイン入りチェキ 応募券1枚,720,720,1,21:41,2024/08/06,https://page.auctions.yahoo.co.jp/jp/auction/b1147350480
●佐藤璃果● 缶バッジ 山下美月卒業コンサート 事前販売限定ver. 乃木坂46 ランダム バッチ,250,250,1,20:21,2024/08/06,https://page.auctions.yahoo.co.jp/jp/auction/t1144127499
乃木坂46 真夏の全国ツアー　生写真　浴衣　オーバーオール　大阪　ライブTシャツ　コンプ　佐藤璃果,580,580,1,19:01,2024/08/06,https://page.auctions.yahoo.co.jp/jp/auction/t1146459920
乃木坂46 佐藤璃果,10,10,1,23:40,2024/08/05,https://page.auctions.yahoo.co.jp/jp/auction/x1147104901
乃木坂46 Web 2022年 12月度 ランダム生写真 佐藤璃果 『 2022.Decmber-Ⅴ ケーブルニット 』 ヒキ,250,250,1,21:29,2024/08/05,https://page.auctions.yahoo.co.jp/jp/auction/n1082607960
乃木坂46佐藤璃果　Flower garden 乃木坂モバイル アクリルスタンド１枚,3000,3000,1,20:28,2024/08/05,https://page.auctions.yahoo.co.jp/jp/auction/g1147231290
乃木坂46 佐藤璃果 生写真 乃木コレ スペシャル衣装40 2024.April,100,100,1,20:26,2024/08/05,https://page.auctions.yahoo.co.jp/jp/auction/l1146896955
【同梱可】中古品 アイドル 乃木坂46 佐藤璃果 鈴木絢音 他 生写真 60枚 グッズセット,572,500,3,22:52,2024/08/04,https://page.auctions.yahoo.co.jp/jp/auction/s1147222013
AA224 佐藤璃果（乃木坂46）◆切り抜き 10ページ 切抜き,310,130,8,21:12,2024/08/04,https://page.auctions.yahoo.co.jp/jp/auction/g1146999106
B16773 ◆佐藤璃果　乃木坂４６ A4サイズ ポスター 送料180円 ★5点以上同梱で送料無料★,190,190,1,21:06,2024/08/04,https://page.auctions.yahoo.co.jp/jp/auction/c1119653556
★B.L.T. 2024年9月号★筒井あやめ 佐藤璃果 川﨑桜 天野香乃愛 上坂樹里 岬なこ 青山なぎさ 籾山ひめり 小此木流花★ポスター 応募券付,600,600,1,23:29,2024/08/03,https://page.auctions.yahoo.co.jp/jp/auction/f1147098870
B.L.T. 2024年9月号 乃木坂46 筒井あやめ・佐藤璃果・川﨑桜 ≒JOY 天野香乃愛 上坂樹里 岬なこ 籾山ひめり ポスター付 新品未読,500,500,1,22:00,2024/08/03,https://page.auctions.yahoo.co.jp/jp/auction/q1146808924
佐藤璃果　★乃木コレ★ランダム生写真/スペシャル衣装40,100,100,1,20:24,2024/08/03,https://page.auctions.yahoo.co.jp/jp/auction/1146667758
EX大衆 2021年7月号・松村沙友理(乃木坂46) W付録 クリアファイル&両面ポスター・伊藤純奈・佐藤璃果・松尾美佑・佐藤楓・阪口珠美 他,650,650,1,00:06,2024/08/03,https://page.auctions.yahoo.co.jp/jp/auction/e1139506870
AA256 坂道研修生 15名全員集合（佐藤璃果 守屋麗奈 幸阪茉里乃 増本綺良 遠藤光莉 松岡愛美 他）◆冊子 8ページ 切り抜き 切抜き 乃木坂46,310,120,3,21:18,2024/08/02,https://page.auctions.yahoo.co.jp/jp/auction/d1146891928
乃木坂46〈佐藤璃果〉【個別スクエア缶バッジ】_ 真夏の全国ツアー2024 グッズ 特典 最新,280,280,1,20:42,2024/08/02,https://page.auctions.yahoo.co.jp/jp/auction/k1144744346
佐藤璃果　web限定　2020.Aug-Ⅱ　かぎ針編み　ヨリ　ラスト１,20,20,1,20:28,2024/08/02,https://page.auctions.yahoo.co.jp/jp/auction/s1137753290
乃木坂46生写真 チャンスは平等 佐藤璃果ヨリ,99,99,1,19:09,2024/08/02,https://page.auctions.yahoo.co.jp/jp/auction/r1145885990
【同梱可】中古品 アイドル 乃木坂46 田村真佑 佐藤璃果 他 生写真 60枚 12th Anniversary 等 グッズセット,836,500,18,23:28,2024/07/31,https://page.auctions.yahoo.co.jp/jp/auction/w1146635150
日向坂46 生写真　個別生写真　コンプ　5種コンプ　車道側　アンダーver 佐藤璃果,1500,1500,1,22:05,2024/07/31,https://page.auctions.yahoo.co.jp/jp/auction/m1139836945
乃木坂46 【佐藤璃果】 真夏の全国ツアー2024 浴衣 生写真 ５種コンプ 会場限定 大阪 レア レアカット レアポーズ 座り ヨリ壁,1480,1480,1,22:02,2024/07/31,https://page.auctions.yahoo.co.jp/jp/auction/h1145653899
●乃木坂46●35thシングル チャンスは平等/初回盤封入特典/生写真 A B C D ヨリ チュウ ヒキ/4種4枚セット コンプ/佐藤璃果●,250,250,1,21:55,2024/07/31,https://page.auctions.yahoo.co.jp/jp/auction/q1143860569
B.L.T. 2024年9月号 乃木坂46 筒井あやめ・佐藤璃果・川﨑桜 ≒JOY 天野香乃愛 上坂樹里 岬なこ 直筆サイン入り チェキ 応募券 5枚セット,3500,3500,1,19:37,2024/07/31,https://page.auctions.yahoo.co.jp/jp/auction/g1146823063
乃木坂46 Web 2024年 2月度 ランダム生写真 『 Monopoly 』 佐藤璃果 コンプ,400,400,1,15:00,2024/07/31,https://page.auctions.yahoo.co.jp/jp/auction/g1136007869
乃木坂46 Web 2024年 ３月度 ランダム生写真 佐藤璃果 『 2024.March-Ⅸ デニムジャケット 』 コンプ,580,580,1,14:56,2024/07/31,https://page.auctions.yahoo.co.jp/jp/auction/u1137997692
乃木坂46 Web 2024年 ５月度 ランダム生写真 佐藤璃果 『 2024.May-Ⅲ バラモチーフ 』 コンプ,580,579,1,14:55,2024/07/31,https://page.auctions.yahoo.co.jp/jp/auction/w1143590348
乃木坂46 SSA会場 12th BIRTHDAY LIVE（バスラ） ランダム生写真 佐藤璃果 『 12thBD ライブTシャツ 』 コンプ,580,580,1,14:55,2024/07/31,https://page.auctions.yahoo.co.jp/jp/auction/h1128296617
乃木坂46 会場 事前販売 ランダム生写真 『 山下美月 卒業コンサートTシャツ 』 佐藤璃果 コンプ　検）卒コン ライブT,600,600,1,14:53,2024/07/31,https://page.auctions.yahoo.co.jp/jp/auction/o1135152556
乃木坂46 有明アリーナ ランダム生写真 35thSGアンダーライブ 佐藤璃果 『 ライブTシャツ＆ニットビスチェ 』 ６種コンプ,1200,1199,1,14:52,2024/07/31,https://page.auctions.yahoo.co.jp/jp/auction/e1139954777
乃木坂46 カーゴパンツ　生写真　3種コンプ　佐藤璃果,500,500,1,14:49,2024/07/31,https://page.auctions.yahoo.co.jp/jp/auction/k1135163646
乃木坂46 佐藤璃果 会場限定生写真 12thBDライブTシャツ 3枚コンプ 12th YEAR BIRTHDAY LIVE,450,450,1,14:45,2024/07/31,https://page.auctions.yahoo.co.jp/jp/auction/q1128253043
佐藤璃果 切り抜き 125ページ＋ポスター2枚／乃木坂46,1200,1200,1,14:44,2024/07/31,https://page.auctions.yahoo.co.jp/jp/auction/t1124303234
乃木坂46 佐藤璃果 ステッカー ノベルティ 真夏の全国ツアーCAFE 2024 カフェ 予約特典,498,498,1,14:39,2024/07/31,https://page.auctions.yahoo.co.jp/jp/auction/n1146787554
T 乃木坂46〈佐藤璃果〉【B2ポスター】 _ 34th Monopoly アンダーライブ CD 特典,550,550,1,20:06,2024/07/30,https://page.auctions.yahoo.co.jp/jp/auction/u1123429746
乃木坂46★佐藤璃果★35th シングル チャンスは平等★初回盤 限定 封入 特典 生写真 4種 4枚 コンプ★フルコンプ★公式写真,330,330,1,12:37,2024/07/30,https://page.auctions.yahoo.co.jp/jp/auction/1134238749
乃木坂46★佐藤璃果★34th シングル Monopoly★初回盤 限定 封入 特典 生写真 4種 4枚 コンプ★フルコンプ★公式写真,210,210,1,12:35,2024/07/30,https://page.auctions.yahoo.co.jp/jp/auction/d1134253686
4-i7　佐藤璃果◆ENTAME◆QUO,880,880,1,22:29,2024/07/28,https://page.auctions.yahoo.co.jp/jp/auction/x1145811297
4-i7　佐藤璃果◆ENTAME_02◆QUO,880,880,1,22:29,2024/07/28,https://page.auctions.yahoo.co.jp/jp/auction/1145803591
【直筆サイン入り】 佐藤璃果　乃木坂46 2023 June 生写真,5000,5000,1,22:15,2024/07/28,https://page.auctions.yahoo.co.jp/jp/auction/u1121235126
乃木坂46 真夏の全国ツアー　生写真　浴衣　オーバーオール　大阪　ライブTシャツ　コンプ　佐藤璃果,580,580,1,21:45,2024/07/28,https://page.auctions.yahoo.co.jp/jp/auction/m1146341328
乃木坂46 生写真 佐藤璃果 真夏の全国ツアー 2024 Tシャツ(大阪ver.) 3種コンプ。( 会場限定商品),640,106,28,21:45,2024/07/28,https://page.auctions.yahoo.co.jp/jp/auction/f1146082220
乃木坂46 佐藤璃果 生写真 18枚セット 2022.lucky bag など,454,1,6,21:14,2024/07/28,https://page.auctions.yahoo.co.jp/jp/auction/m1145647085
【100円スタート】 アップトゥボーイ vol.323 表紙/遠藤さくら/佐藤璃果/正源司陽子 特典/乃木坂46 ポスター付き 透明ブックカバー付き,450,100,22,21:01,2024/07/28,https://page.auctions.yahoo.co.jp/jp/auction/j1146001300
乃木坂46 佐藤璃果 会場限定生写真 ニットビスチェ 3枚コンプ 35thSGアンダーライブ,550,550,1,10:21,2024/07/27,https://page.auctions.yahoo.co.jp/jp/auction/k1139769045
乃木坂46〈佐藤璃果〉【オーバーオール】コンプ _ 真夏の全国ツアー2024 大阪 生写真,450,450,1,14:44,2024/07/26,https://page.auctions.yahoo.co.jp/jp/auction/n1146112458
佐藤璃果 生写真 オーバーオール コンプ 乃木坂46 京セラドーム大阪 会場販売 July-Ⅲ 【硬質ケース発送】 真夏の全国ツアー2024大阪,400,400,1,23:42,2024/07/25,https://page.auctions.yahoo.co.jp/jp/auction/s1145684856
佐藤璃果 生写真 真夏の全国ツアー2024大阪Tシャツ コンプ 乃木坂46 京セラドーム大阪 会場販売 【硬質ケース発送】 ライブT,400,400,1,23:05,2024/07/25,https://page.auctions.yahoo.co.jp/jp/auction/b1145678189
乃木坂46 成人式 佐藤璃果 直筆サイン 生写真,4500,4500,1,22:28,2024/07/25,https://page.auctions.yahoo.co.jp/jp/auction/g1145712181
乃木坂46　佐藤璃果　生写真　乃木コレ　スペシャル衣装40　2024.April-Ⅲ ノーマル　チュウ,30,30,1,22:08,2024/07/25,https://page.auctions.yahoo.co.jp/jp/auction/k1145811719
